PERIOD,LOB,PROG,TYPE,SERVICE_CAT,BGN_YRMO,END_YRMO,GOALS_MET,LSMean,PVAL,RUN_YRMO,LOAD_DATE
POST1,Individual,DM,COST,ANCILLARY,201401,201412,0,204.92533,.68970772437,201510,2016-07-22
POST1,Individual,DM,COST,ANCILLARY,201401,201412,1,253.65404,.68970772437,201510,2016-07-22
POST1,Individual,DM,COST,ER,201401,201412,0,511.20218,.23324402141,201510,2016-07-22
POST1,Individual,DM,COST,ER,201401,201412,1,667.54985,.23324402141,201510,2016-07-22
POST1,Individual,DM,COST,HOME HEALTH,201401,201412,0,28.35281,.82757531875,201510,2016-07-22
POST1,Individual,DM,COST,HOME HEALTH,201401,201412,1,25.74984,.82757531875,201510,2016-07-22
POST1,Individual,DM,COST,INPATIENT,201401,201412,0,4099.24638,.78546254627,201510,2016-07-22
POST1,Individual,DM,COST,INPATIENT,201401,201412,1,3244.92975,.78546254627,201510,2016-07-22
POST1,Individual,DM,COST,LABORATORY,201401,201412,0,104.58608,.57529960183,201510,2016-07-22
POST1,Individual,DM,COST,LABORATORY,201401,201412,1,96.37252,.57529960183,201510,2016-07-22
POST1,Individual,DM,COST,TOTAL MEDICAL,201401,201412,0,7268.53800,.31790103488,201510,2016-07-22
POST1,Individual,DM,COST,TOTAL MEDICAL,201401,201412,1,6544.49233,.31790103488,201510,2016-07-22
POST1,Individual,DM,COST,OTHER PROFESSIONAL,201401,201412,0,1975.97182,.27895380427,201510,2016-07-22
POST1,Individual,DM,COST,OTHER PROFESSIONAL,201401,201412,1,1605.40757,.27895380427,201510,2016-07-22
POST1,Individual,DM,COST,OUTPATIENT,201401,201412,0,1688.06028,.77426146636,201510,2016-07-22
POST1,Individual,DM,COST,OUTPATIENT,201401,201412,1,1577.62641,.77426146636,201510,2016-07-22
POST1,Individual,DM,COST,PHARMACY,201401,201412,0,2791.48080,.09005285015,201510,2016-07-22
POST1,Individual,DM,COST,PHARMACY,201401,201412,1,2324.27623,.09005285015,201510,2016-07-22
POST1,Individual,DM,COST,PROFESSIONAL OFFICE VISIT,201401,201412,0,595.84117,.76528780038,201510,2016-07-22
POST1,Individual,DM,COST,PROFESSIONAL OFFICE VISIT,201401,201412,1,589.32734,.76528780038,201510,2016-07-22
POST1,Individual,DM,COST,RADIOLOGY,201401,201412,0,306.99443,.81527303965,201510,2016-07-22
POST1,Individual,DM,COST,RADIOLOGY,201401,201412,1,317.98947,.81527303965,201510,2016-07-22
POST1,Individual,DM,COST,TOTAL RX,201401,201412,0,2405.74594,.99434447219,201510,2016-07-22
POST1,Individual,DM,COST,TOTAL RX,201401,201412,1,2406.35322,.99434447219,201510,2016-07-22
POST1,Individual,DM,COST,TOTAL ALL,201401,201412,0,10167.15318,.06279453231,201510,2016-07-22
POST1,Individual,DM,COST,TOTAL ALL,201401,201412,1,8678.78995,.06279453231,201510,2016-07-22
POST1,Individual,DM,COUNT,ANCILLARY,201401,201412,0,40.91786,.42780111908,201510,2016-07-22
POST1,Individual,DM,COUNT,ANCILLARY,201401,201412,1,48.27095,.42780111908,201510,2016-07-22
POST1,Individual,DM,COUNT,ER,201401,201412,0,32.16453,.41622644805,201510,2016-07-22
POST1,Individual,DM,COUNT,ER,201401,201412,1,35.59967,.41622644805,201510,2016-07-22
POST1,Individual,DM,COUNT,HOME HEALTH,201401,201412,0,42.72753,.57582261415,201510,2016-07-22
POST1,Individual,DM,COUNT,HOME HEALTH,201401,201412,1,32.49472,.57582261415,201510,2016-07-22
POST1,Individual,DM,COUNT,INPATIENT,201401,201412,0,27.04199,.40336644739,201510,2016-07-22
POST1,Individual,DM,COUNT,INPATIENT,201401,201412,1,23.95497,.40336644739,201510,2016-07-22
POST1,Individual,DM,COUNT,LABORATORY,201401,201412,0,583.77778,.97054521573,201510,2016-07-22
POST1,Individual,DM,COUNT,LABORATORY,201401,201412,1,585.30084,.97054521573,201510,2016-07-22
POST1,Individual,DM,COUNT,OTHER PROFESSIONAL,201401,201412,0,1455.79524,.43040664261,201510,2016-07-22
POST1,Individual,DM,COUNT,OTHER PROFESSIONAL,201401,201412,1,1381.48584,.43040664261,201510,2016-07-22
POST1,Individual,DM,COUNT,OUTPATIENT,201401,201412,0,126.40222,.63934626600,201510,2016-07-22
POST1,Individual,DM,COUNT,OUTPATIENT,201401,201412,1,133.38438,.63934626600,201510,2016-07-22
POST1,Individual,DM,COUNT,PHARMACY,201401,201412,0,3669.25295,.21587391927,201510,2016-07-22
POST1,Individual,DM,COUNT,PHARMACY,201401,201412,1,3757.27664,.21587391927,201510,2016-07-22
POST1,Individual,DM,COUNT,PROFESSIONAL OFFICE VISIT,201401,201412,0,805.86733,.44830783631,201510,2016-07-22
POST1,Individual,DM,COUNT,PROFESSIONAL OFFICE VISIT,201401,201412,1,821.96251,.44830783631,201510,2016-07-22
POST1,Individual,DM,COUNT,RADIOLOGY,201401,201412,0,392.52972,.56301342537,201510,2016-07-22
POST1,Individual,DM,COUNT,RADIOLOGY,201401,201412,1,408.93240,.56301342537,201510,2016-07-22
POST1,Individual,DM,COUNT,READMIT,201401,201412,0,3.13077,.58001899576,201510,2016-07-22
POST1,Individual,DM,COUNT,READMIT,201401,201412,1,2.30104,.58001899576,201510,2016-07-22
POST1,Group,DM,COST,ANCILLARY,201401,201412,0,413.37925,.74945664175,201510,2016-07-22
POST1,Group,DM,COST,ANCILLARY,201401,201412,1,474.06553,.74945664175,201510,2016-07-22
POST1,Group,DM,COST,ER,201401,201412,0,670.09638,.02539482091,201510,2016-07-22
POST1,Group,DM,COST,ER,201401,201412,1,411.17847,.02539482091,201510,2016-07-22
POST1,Group,DM,COST,HOME HEALTH,201401,201412,0,24.19030,.55275149791,201510,2016-07-22
POST1,Group,DM,COST,HOME HEALTH,201401,201412,1,14.66194,.55275149791,201510,2016-07-22
POST1,Group,DM,COST,INPATIENT,201401,201412,0,4539.78549,.05992116957,201510,2016-07-22
POST1,Group,DM,COST,INPATIENT,201401,201412,1,2103.19833,.05992116957,201510,2016-07-22
POST1,Group,DM,COST,LABORATORY,201401,201412,0,131.29422,.25505848234,201510,2016-07-22
POST1,Group,DM,COST,LABORATORY,201401,201412,1,104.38823,.25505848234,201510,2016-07-22
POST1,Group,DM,COST,TOTAL MEDICAL,201401,201412,0,9279.86436,.10454270404,201510,2016-07-22
POST1,Group,DM,COST,TOTAL MEDICAL,201401,201412,1,7793.90217,.10454270404,201510,2016-07-22
POST1,Group,DM,COST,OTHER PROFESSIONAL,201401,201412,0,2050.35948,.01219132228,201510,2016-07-22
POST1,Group,DM,COST,OTHER PROFESSIONAL,201401,201412,1,1471.39308,.01219132228,201510,2016-07-22
POST1,Group,DM,COST,OUTPATIENT,201401,201412,0,1894.74936,.13353216196,201510,2016-07-22
POST1,Group,DM,COST,OUTPATIENT,201401,201412,1,2462.84540,.13353216196,201510,2016-07-22
POST1,Group,DM,COST,PHARMACY,201401,201412,0,2562.49471,.00022506391,201510,2016-07-22
POST1,Group,DM,COST,PHARMACY,201401,201412,1,3289.84614,.00022506391,201510,2016-07-22
POST1,Group,DM,COST,PROFESSIONAL OFFICE VISIT,201401,201412,0,649.07770,.39251132049,201510,2016-07-22
POST1,Group,DM,COST,PROFESSIONAL OFFICE VISIT,201401,201412,1,669.12299,.39251132049,201510,2016-07-22
POST1,Group,DM,COST,RADIOLOGY,201401,201412,0,375.26160,.32604408773,201510,2016-07-22
POST1,Group,DM,COST,RADIOLOGY,201401,201412,1,317.06429,.32604408773,201510,2016-07-22
POST1,Group,DM,COST,TOTAL RX,201401,201412,0,2467.46123,.01339832535,201510,2016-07-22
POST1,Group,DM,COST,TOTAL RX,201401,201412,1,2680.87914,.01339832535,201510,2016-07-22
POST1,Group,DM,COST,TOTAL ALL,201401,201412,0,11893.90958,.20951847129,201510,2016-07-22
POST1,Group,DM,COST,TOTAL ALL,201401,201412,1,10696.59833,.20951847129,201510,2016-07-22
POST1,Group,DM,COUNT,ANCILLARY,201401,201412,0,94.77986,.05111500470,201510,2016-07-22
POST1,Group,DM,COUNT,ANCILLARY,201401,201412,1,54.22369,.05111500470,201510,2016-07-22
POST1,Group,DM,COUNT,ER,201401,201412,0,46.89747,.00184692988,201510,2016-07-22
POST1,Group,DM,COUNT,ER,201401,201412,1,28.80950,.00184692988,201510,2016-07-22
POST1,Group,DM,COUNT,HOME HEALTH,201401,201412,0,56.11426,.71483247036,201510,2016-07-22
POST1,Group,DM,COUNT,HOME HEALTH,201401,201412,1,68.67465,.71483247036,201510,2016-07-22
POST1,Group,DM,COUNT,INPATIENT,201401,201412,0,36.94002,.00500029646,201510,2016-07-22
POST1,Group,DM,COUNT,INPATIENT,201401,201412,1,21.85956,.00500029646,201510,2016-07-22
POST1,Group,DM,COUNT,LABORATORY,201401,201412,0,947.62856,.30672047277,201510,2016-07-22
POST1,Group,DM,COUNT,LABORATORY,201401,201412,1,810.98594,.30672047277,201510,2016-07-22
POST1,Group,DM,COUNT,OTHER PROFESSIONAL,201401,201412,0,2108.20631,.08280143535,201510,2016-07-22
POST1,Group,DM,COUNT,OTHER PROFESSIONAL,201401,201412,1,1802.60557,.08280143535,201510,2016-07-22
POST1,Group,DM,COUNT,OUTPATIENT,201401,201412,0,170.94580,.52873273211,201510,2016-07-22
POST1,Group,DM,COUNT,OUTPATIENT,201401,201412,1,156.67748,.52873273211,201510,2016-07-22
POST1,Group,DM,COUNT,PHARMACY,201401,201412,0,3978.60051,.53375184680,201510,2016-07-22
POST1,Group,DM,COUNT,PHARMACY,201401,201412,1,4027.64651,.53375184680,201510,2016-07-22
POST1,Group,DM,COUNT,PROFESSIONAL OFFICE VISIT,201401,201412,0,967.71882,.10655005468,201510,2016-07-22
POST1,Group,DM,COUNT,PROFESSIONAL OFFICE VISIT,201401,201412,1,1017.02203,.10655005468,201510,2016-07-22
POST1,Group,DM,COUNT,RADIOLOGY,201401,201412,0,532.14980,.01157326385,201510,2016-07-22
POST1,Group,DM,COUNT,RADIOLOGY,201401,201412,1,408.90175,.01157326385,201510,2016-07-22
POST1,Group,DM,COUNT,READMIT,201401,201412,0,2.69986,.72920916420,201510,2016-07-22
POST1,Group,DM,COUNT,READMIT,201401,201412,1,2.24669,.72920916420,201510,2016-07-22
POST1,Individual,CM,COST,ANCILLARY,201401,201412,0,1996.56084,.61784962200,201510,2016-07-22
POST1,Individual,CM,COST,ANCILLARY,201401,201412,1,2204.23302,.61784962200,201510,2016-07-22
POST1,Individual,CM,COST,ER,201401,201412,0,1062.30501,.01105534704,201510,2016-07-22
POST1,Individual,CM,COST,ER,201401,201412,1,749.54644,.01105534704,201510,2016-07-22
POST1,Individual,CM,COST,HOME HEALTH,201401,201412,0,253.43826,.16145375905,201510,2016-07-22
POST1,Individual,CM,COST,HOME HEALTH,201401,201412,1,194.94975,.16145375905,201510,2016-07-22
POST1,Individual,CM,COST,INPATIENT,201401,201412,0,16408.66180,.72993370427,201510,2016-07-22
POST1,Individual,CM,COST,INPATIENT,201401,201412,1,15448.89340,.72993370427,201510,2016-07-22
POST1,Individual,CM,COST,LABORATORY,201401,201412,0,383.76205,.76432698964,201510,2016-07-22
POST1,Individual,CM,COST,LABORATORY,201401,201412,1,368.63166,.76432698964,201510,2016-07-22
POST1,Individual,CM,COST,TOTAL MEDICAL,201401,201412,0,35990.14908,.00670024581,201510,2016-07-22
POST1,Individual,CM,COST,TOTAL MEDICAL,201401,201412,1,29743.31615,.00670024581,201510,2016-07-22
POST1,Individual,CM,COST,OTHER PROFESSIONAL,201401,201412,0,7551.03307,.59360189199,201510,2016-07-22
POST1,Individual,CM,COST,OTHER PROFESSIONAL,201401,201412,1,7191.61973,.59360189199,201510,2016-07-22
POST1,Individual,CM,COST,OUTPATIENT,201401,201412,0,6846.18866,.15736386188,201510,2016-07-22
POST1,Individual,CM,COST,OUTPATIENT,201401,201412,1,5695.54777,.15736386188,201510,2016-07-22
POST1,Individual,CM,COST,PHARMACY,201401,201412,0,4807.23185,.02872630331,201510,2016-07-22
POST1,Individual,CM,COST,PHARMACY,201401,201412,1,3462.86513,.02872630331,201510,2016-07-22
POST1,Individual,CM,COST,PROFESSIONAL OFFICE VISIT,201401,201412,0,904.74538,.48968456369,201510,2016-07-22
POST1,Individual,CM,COST,PROFESSIONAL OFFICE VISIT,201401,201412,1,881.61406,.48968456369,201510,2016-07-22
POST1,Individual,CM,COST,RADIOLOGY,201401,201412,0,1448.93181,.53557701843,201510,2016-07-22
POST1,Individual,CM,COST,RADIOLOGY,201401,201412,1,1320.74195,.53557701843,201510,2016-07-22
POST1,Individual,CM,COST,TOTAL RX,201401,201412,0,3866.13220,.10090050613,201510,2016-07-22
POST1,Individual,CM,COST,TOTAL RX,201401,201412,1,3403.04936,.10090050613,201510,2016-07-22
POST1,Individual,CM,COST,TOTAL ALL,201401,201412,0,40569.61171,.00228929470,201510,2016-07-22
POST1,Individual,CM,COST,TOTAL ALL,201401,201412,1,33336.03485,.00228929470,201510,2016-07-22
POST1,Individual,CM,COUNT,ANCILLARY,201401,201412,0,299.86632,.66264319362,201510,2016-07-22
POST1,Individual,CM,COUNT,ANCILLARY,201401,201412,1,311.56438,.66264319362,201510,2016-07-22
POST1,Individual,CM,COUNT,ER,201401,201412,0,72.73947,.01175920311,201510,2016-07-22
POST1,Individual,CM,COUNT,ER,201401,201412,1,58.30758,.01175920311,201510,2016-07-22
POST1,Individual,CM,COUNT,HOME HEALTH,201401,201412,0,372.18229,.30733230356,201510,2016-07-22
POST1,Individual,CM,COUNT,HOME HEALTH,201401,201412,1,314.12387,.30733230356,201510,2016-07-22
POST1,Individual,CM,COUNT,INPATIENT,201401,201412,0,120.09864,.00000032550,201510,2016-07-22
POST1,Individual,CM,COUNT,INPATIENT,201401,201412,1,86.01778,.00000032550,201510,2016-07-22
POST1,Individual,CM,COUNT,LABORATORY,201401,201412,0,1517.85518,.85562676176,201510,2016-07-22
POST1,Individual,CM,COUNT,LABORATORY,201401,201412,1,1493.96258,.85562676176,201510,2016-07-22
POST1,Individual,CM,COUNT,OTHER PROFESSIONAL,201401,201412,0,5097.05086,.00439713828,201510,2016-07-22
POST1,Individual,CM,COUNT,OTHER PROFESSIONAL,201401,201412,1,4419.76057,.00439713828,201510,2016-07-22
POST1,Individual,CM,COUNT,OUTPATIENT,201401,201412,0,438.48126,.27311489557,201510,2016-07-22
POST1,Individual,CM,COUNT,OUTPATIENT,201401,201412,1,478.03866,.27311489557,201510,2016-07-22
POST1,Individual,CM,COUNT,PHARMACY,201401,201412,0,3224.88996,.16063547937,201510,2016-07-22
POST1,Individual,CM,COUNT,PHARMACY,201401,201412,1,3111.35606,.16063547937,201510,2016-07-22
POST1,Individual,CM,COUNT,PROFESSIONAL OFFICE VISIT,201401,201412,0,1216.20107,.87773748883,201510,2016-07-22
POST1,Individual,CM,COUNT,PROFESSIONAL OFFICE VISIT,201401,201412,1,1221.46728,.87773748883,201510,2016-07-22
POST1,Individual,CM,COUNT,RADIOLOGY,201401,201412,0,1531.95436,.00476569655,201510,2016-07-22
POST1,Individual,CM,COUNT,RADIOLOGY,201401,201412,1,1281.43101,.00476569655,201510,2016-07-22
POST1,Individual,CM,COUNT,READMIT,201401,201412,0,17.32438,.00013535052,201510,2016-07-22
POST1,Individual,CM,COUNT,READMIT,201401,201412,1,7.67373,.00013535052,201510,2016-07-22
POST1,Group,CM,COST,ANCILLARY,201401,201412,0,2551.63159,.32128829784,201510,2016-07-22
POST1,Group,CM,COST,ANCILLARY,201401,201412,1,2787.61489,.32128829784,201510,2016-07-22
POST1,Group,CM,COST,ER,201401,201412,0,1239.20737,.00136426537,201510,2016-07-22
POST1,Group,CM,COST,ER,201401,201412,1,1030.36448,.00136426537,201510,2016-07-22
POST1,Group,CM,COST,HOME HEALTH,201401,201412,0,251.27973,.46829892972,201510,2016-07-22
POST1,Group,CM,COST,HOME HEALTH,201401,201412,1,232.24896,.46829892972,201510,2016-07-22
POST1,Group,CM,COST,INPATIENT,201401,201412,0,18288.89838,.00264785197,201510,2016-07-22
POST1,Group,CM,COST,INPATIENT,201401,201412,1,14835.93991,.00264785197,201510,2016-07-22
POST1,Group,CM,COST,LABORATORY,201401,201412,0,325.78859,.38971984067,201510,2016-07-22
POST1,Group,CM,COST,LABORATORY,201401,201412,1,311.50301,.38971984067,201510,2016-07-22
POST1,Group,CM,COST,TOTAL MEDICAL,201401,201412,0,34973.04340,.00013493934,201510,2016-07-22
POST1,Group,CM,COST,TOTAL MEDICAL,201401,201412,1,31156.86093,.00013493934,201510,2016-07-22
POST1,Group,CM,COST,OTHER PROFESSIONAL,201401,201412,0,7440.30139,.00014713437,201510,2016-07-22
POST1,Group,CM,COST,OTHER PROFESSIONAL,201401,201412,1,6320.88474,.00014713437,201510,2016-07-22
POST1,Group,CM,COST,OUTPATIENT,201401,201412,0,5293.80143,.55509933091,201510,2016-07-22
POST1,Group,CM,COST,OUTPATIENT,201401,201412,1,5116.44441,.55509933091,201510,2016-07-22
POST1,Group,CM,COST,PHARMACY,201401,201412,0,3124.85439,.00236592859,201510,2016-07-22
POST1,Group,CM,COST,PHARMACY,201401,201412,1,2463.35383,.00236592859,201510,2016-07-22
POST1,Group,CM,COST,PROFESSIONAL OFFICE VISIT,201401,201412,0,927.58147,.77996711358,201510,2016-07-22
POST1,Group,CM,COST,PROFESSIONAL OFFICE VISIT,201401,201412,1,931.43673,.77996711358,201510,2016-07-22
POST1,Group,CM,COST,RADIOLOGY,201401,201412,0,1091.46467,.54131015872,201510,2016-07-22
POST1,Group,CM,COST,RADIOLOGY,201401,201412,1,1046.58075,.54131015872,201510,2016-07-22
POST1,Group,CM,COST,TOTAL RX,201401,201412,0,2289.80071,.00010056138,201510,2016-07-22
POST1,Group,CM,COST,TOTAL RX,201401,201412,1,1970.53294,.00010056138,201510,2016-07-22
POST1,Group,CM,COST,TOTAL ALL,201401,201412,0,38104.93688,.00000805263,201510,2016-07-22
POST1,Group,CM,COST,TOTAL ALL,201401,201412,1,33492.03712,.00000805263,201510,2016-07-22
POST1,Group,CM,COUNT,ANCILLARY,201401,201412,0,395.05041,.00010027700,201510,2016-07-22
POST1,Group,CM,COUNT,ANCILLARY,201401,201412,1,459.90683,.00010027700,201510,2016-07-22
POST1,Group,CM,COUNT,ER,201401,201412,0,81.10463,.05444013773,201510,2016-07-22
POST1,Group,CM,COUNT,ER,201401,201412,1,74.40641,.05444013773,201510,2016-07-22
POST1,Group,CM,COUNT,HOME HEALTH,201401,201412,0,377.80476,.36415287814,201510,2016-07-22
POST1,Group,CM,COUNT,HOME HEALTH,201401,201412,1,346.95556,.36415287814,201510,2016-07-22
POST1,Group,CM,COUNT,INPATIENT,201401,201412,0,130.11843,.00045388673,201510,2016-07-22
POST1,Group,CM,COUNT,INPATIENT,201401,201412,1,115.89675,.00045388673,201510,2016-07-22
POST1,Group,CM,COUNT,LABORATORY,201401,201412,0,1829.80299,.02689481631,201510,2016-07-22
POST1,Group,CM,COUNT,LABORATORY,201401,201412,1,1974.76975,.02689481631,201510,2016-07-22
POST1,Group,CM,COUNT,OTHER PROFESSIONAL,201401,201412,0,5794.62011,.00102105445,201510,2016-07-22
POST1,Group,CM,COUNT,OTHER PROFESSIONAL,201401,201412,1,5300.85618,.00102105445,201510,2016-07-22
POST1,Group,CM,COUNT,OUTPATIENT,201401,201412,0,452.40368,.00856483025,201510,2016-07-22
POST1,Group,CM,COUNT,OUTPATIENT,201401,201412,1,497.28836,.00856483025,201510,2016-07-22
POST1,Group,CM,COUNT,PHARMACY,201401,201412,0,2006.01717,.00112567482,201510,2016-07-22
POST1,Group,CM,COUNT,PHARMACY,201401,201412,1,1911.15965,.00112567482,201510,2016-07-22
POST1,Group,CM,COUNT,PROFESSIONAL OFFICE VISIT,201401,201412,0,1210.01518,.00000000567,201510,2016-07-22
POST1,Group,CM,COUNT,PROFESSIONAL OFFICE VISIT,201401,201412,1,1310.93820,.00000000567,201510,2016-07-22
POST1,Group,CM,COUNT,RADIOLOGY,201401,201412,0,1411.40886,.00009583594,201510,2016-07-22
POST1,Group,CM,COUNT,RADIOLOGY,201401,201412,1,1247.68347,.00009583594,201510,2016-07-22
POST1,Group,CM,COUNT,READMIT,201401,201412,0,15.09700,.18315409879,201510,2016-07-22
POST1,Group,CM,COUNT,READMIT,201401,201412,1,13.25343,.18315409879,201510,2016-07-22
POST1,MedAdvantage,DM,COST,ANCILLARY,201401,201412,0,385.53217,.05172708926,201510,2016-07-22
POST1,MedAdvantage,DM,COST,ANCILLARY,201401,201412,1,257.59640,.05172708926,201510,2016-07-22
POST1,MedAdvantage,DM,COST,ER,201401,201412,0,264.90129,.20571587377,201510,2016-07-22
POST1,MedAdvantage,DM,COST,ER,201401,201412,1,212.61766,.20571587377,201510,2016-07-22
POST1,MedAdvantage,DM,COST,HOME HEALTH,201401,201412,0,38.88197,.44947971702,201510,2016-07-22
POST1,MedAdvantage,DM,COST,HOME HEALTH,201401,201412,1,27.36848,.44947971702,201510,2016-07-22
POST1,MedAdvantage,DM,COST,INPATIENT,201401,201412,0,4268.57762,.52276840434,201510,2016-07-22
POST1,MedAdvantage,DM,COST,INPATIENT,201401,201412,1,3862.60810,.52276840434,201510,2016-07-22
POST1,MedAdvantage,DM,COST,LABORATORY,201401,201412,0,94.73063,.06664575012,201510,2016-07-22
POST1,MedAdvantage,DM,COST,LABORATORY,201401,201412,1,132.17902,.06664575012,201510,2016-07-22
POST1,MedAdvantage,DM,COST,TOTAL MEDICAL,201401,201412,0,8968.66508,.02711722751,201510,2016-07-22
POST1,MedAdvantage,DM,COST,TOTAL MEDICAL,201401,201412,1,7480.14901,.02711722751,201510,2016-07-22
POST1,MedAdvantage,DM,COST,OTHER PROFESSIONAL,201401,201412,0,2216.12176,.06674125486,201510,2016-07-22
POST1,MedAdvantage,DM,COST,OTHER PROFESSIONAL,201401,201412,1,1829.92245,.06674125486,201510,2016-07-22
POST1,MedAdvantage,DM,COST,OUTPATIENT,201401,201412,0,954.56821,.12002435503,201510,2016-07-22
POST1,MedAdvantage,DM,COST,OUTPATIENT,201401,201412,1,737.93374,.12002435503,201510,2016-07-22
POST1,MedAdvantage,DM,COST,PHARMACY,201401,201412,0,2191.03846,.60381215052,201510,2016-07-22
POST1,MedAdvantage,DM,COST,PHARMACY,201401,201412,1,2076.32608,.60381215052,201510,2016-07-22
POST1,MedAdvantage,DM,COST,PROFESSIONAL OFFICE VISIT,201401,201412,0,659.72878,.01740780558,201510,2016-07-22
POST1,MedAdvantage,DM,COST,PROFESSIONAL OFFICE VISIT,201401,201412,1,613.07362,.01740780558,201510,2016-07-22
POST1,MedAdvantage,DM,COST,RADIOLOGY,201401,201412,0,381.40259,.60783299413,201510,2016-07-22
POST1,MedAdvantage,DM,COST,RADIOLOGY,201401,201412,1,351.73915,.60783299413,201510,2016-07-22
POST1,MedAdvantage,DM,COST,TOTAL RX,201401,201412,0,1874.33740,.19482649901,201510,2016-07-22
POST1,MedAdvantage,DM,COST,TOTAL RX,201401,201412,1,1779.60613,.19482649901,201510,2016-07-22
POST1,MedAdvantage,DM,COST,TOTAL ALL,201401,201412,0,11084.35442,.02884234779,201510,2016-07-22
POST1,MedAdvantage,DM,COST,TOTAL ALL,201401,201412,1,9507.96389,.02884234779,201510,2016-07-22
POST1,MedAdvantage,DM,COUNT,ANCILLARY,201401,201412,0,120.71471,.75429998288,201510,2016-07-22
POST1,MedAdvantage,DM,COUNT,ANCILLARY,201401,201412,1,115.56840,.75429998288,201510,2016-07-22
POST1,MedAdvantage,DM,COUNT,ER,201401,201412,0,35.09684,.13082855298,201510,2016-07-22
POST1,MedAdvantage,DM,COUNT,ER,201401,201412,1,29.30544,.13082855298,201510,2016-07-22
POST1,MedAdvantage,DM,COUNT,HOME HEALTH,201401,201412,0,43.04809,.35583548420,201510,2016-07-22
POST1,MedAdvantage,DM,COUNT,HOME HEALTH,201401,201412,1,61.60132,.35583548420,201510,2016-07-22
POST1,MedAdvantage,DM,COUNT,INPATIENT,201401,201412,0,58.50561,.15375547015,201510,2016-07-22
POST1,MedAdvantage,DM,COUNT,INPATIENT,201401,201412,1,50.58061,.15375547015,201510,2016-07-22
POST1,MedAdvantage,DM,COUNT,LABORATORY,201401,201412,0,568.09492,.81965983455,201510,2016-07-22
POST1,MedAdvantage,DM,COUNT,LABORATORY,201401,201412,1,560.54077,.81965983455,201510,2016-07-22
POST1,MedAdvantage,DM,COUNT,OTHER PROFESSIONAL,201401,201412,0,2452.06639,.27017301726,201510,2016-07-22
POST1,MedAdvantage,DM,COUNT,OTHER PROFESSIONAL,201401,201412,1,2297.62548,.27017301726,201510,2016-07-22
POST1,MedAdvantage,DM,COUNT,OUTPATIENT,201401,201412,0,151.76552,.97337666058,201510,2016-07-22
POST1,MedAdvantage,DM,COUNT,OUTPATIENT,201401,201412,1,151.39084,.97337666058,201510,2016-07-22
POST1,MedAdvantage,DM,COUNT,PHARMACY,201401,201412,0,3444.55154,.05538223759,201510,2016-07-22
POST1,MedAdvantage,DM,COUNT,PHARMACY,201401,201412,1,3324.93910,.05538223759,201510,2016-07-22
POST1,MedAdvantage,DM,COUNT,PROFESSIONAL OFFICE VISIT,201401,201412,0,997.83052,.06325515489,201510,2016-07-22
POST1,MedAdvantage,DM,COUNT,PROFESSIONAL OFFICE VISIT,201401,201412,1,949.83609,.06325515489,201510,2016-07-22
POST1,MedAdvantage,DM,COUNT,RADIOLOGY,201401,201412,0,638.96998,.20706962839,201510,2016-07-22
POST1,MedAdvantage,DM,COUNT,RADIOLOGY,201401,201412,1,585.91754,.20706962839,201510,2016-07-22
POST1,MedAdvantage,DM,COUNT,READMIT,201401,201412,0,2.06982,.82483500245,201510,2016-07-22
POST1,MedAdvantage,DM,COUNT,READMIT,201401,201412,1,2.28853,.82483500245,201510,2016-07-22
POST1,MedAdvantage,CM,COST,ANCILLARY,201401,201412,0,1230.08060,.00070710083,201510,2016-07-22
POST1,MedAdvantage,CM,COST,ANCILLARY,201401,201412,1,894.86161,.00070710083,201510,2016-07-22
POST1,MedAdvantage,CM,COST,ER,201401,201412,0,499.40591,.05205926980,201510,2016-07-22
POST1,MedAdvantage,CM,COST,ER,201401,201412,1,402.23149,.05205926980,201510,2016-07-22
POST1,MedAdvantage,CM,COST,HOME HEALTH,201401,201412,0,83.84325,.02349779835,201510,2016-07-22
POST1,MedAdvantage,CM,COST,HOME HEALTH,201401,201412,1,46.28979,.02349779835,201510,2016-07-22
POST1,MedAdvantage,CM,COST,INPATIENT,201401,201412,0,11476.25948,.00000000084,201510,2016-07-22
POST1,MedAdvantage,CM,COST,INPATIENT,201401,201412,1,7152.56327,.00000000084,201510,2016-07-22
POST1,MedAdvantage,CM,COST,LABORATORY,201401,201412,0,180.41874,.00828920774,201510,2016-07-22
POST1,MedAdvantage,CM,COST,LABORATORY,201401,201412,1,139.76753,.00828920774,201510,2016-07-22
POST1,MedAdvantage,CM,COST,TOTAL MEDICAL,201401,201412,0,20012.01391,.00000000000,201510,2016-07-22
POST1,MedAdvantage,CM,COST,TOTAL MEDICAL,201401,201412,1,14452.65399,.00000000000,201510,2016-07-22
POST1,MedAdvantage,CM,COST,OTHER PROFESSIONAL,201401,201412,0,4685.17302,.00000002576,201510,2016-07-22
POST1,MedAdvantage,CM,COST,OTHER PROFESSIONAL,201401,201412,1,3491.58826,.00000002576,201510,2016-07-22
POST1,MedAdvantage,CM,COST,OUTPATIENT,201401,201412,0,1675.28583,.03548434139,201510,2016-07-22
POST1,MedAdvantage,CM,COST,OUTPATIENT,201401,201412,1,1331.20726,.03548434139,201510,2016-07-22
POST1,MedAdvantage,CM,COST,PHARMACY,201401,201412,0,2463.07650,.38067509501,201510,2016-07-22
POST1,MedAdvantage,CM,COST,PHARMACY,201401,201412,1,2648.28998,.38067509501,201510,2016-07-22
POST1,MedAdvantage,CM,COST,PROFESSIONAL OFFICE VISIT,201401,201412,0,833.65942,.00591795676,201510,2016-07-22
POST1,MedAdvantage,CM,COST,PROFESSIONAL OFFICE VISIT,201401,201412,1,788.26676,.00591795676,201510,2016-07-22
POST1,MedAdvantage,CM,COST,RADIOLOGY,201401,201412,0,707.77042,.03765360743,201510,2016-07-22
POST1,MedAdvantage,CM,COST,RADIOLOGY,201401,201412,1,564.41363,.03765360743,201510,2016-07-22
POST1,MedAdvantage,CM,COST,TOTAL RX,201401,201412,0,2204.99480,.99436398585,201510,2016-07-22
POST1,MedAdvantage,CM,COST,TOTAL RX,201401,201412,1,2205.69177,.99436398585,201510,2016-07-22
POST1,MedAdvantage,CM,COST,TOTAL ALL,201401,201412,0,22622.86819,.00000000000,201510,2016-07-22
POST1,MedAdvantage,CM,COST,TOTAL ALL,201401,201412,1,17108.16415,.00000000000,201510,2016-07-22
POST1,MedAdvantage,CM,COUNT,ANCILLARY,201401,201412,0,349.72781,.03594866939,201510,2016-07-22
POST1,MedAdvantage,CM,COUNT,ANCILLARY,201401,201412,1,391.95815,.03594866939,201510,2016-07-22
POST1,MedAdvantage,CM,COUNT,ER,201401,201412,0,67.68152,.78672373678,201510,2016-07-22
POST1,MedAdvantage,CM,COUNT,ER,201401,201412,1,66.49461,.78672373678,201510,2016-07-22
POST1,MedAdvantage,CM,COUNT,HOME HEALTH,201401,201412,0,156.76328,.08912303849,201510,2016-07-22
POST1,MedAdvantage,CM,COUNT,HOME HEALTH,201401,201412,1,106.69698,.08912303849,201510,2016-07-22
POST1,MedAdvantage,CM,COUNT,INPATIENT,201401,201412,0,183.62798,.00000000000,201510,2016-07-22
POST1,MedAdvantage,CM,COUNT,INPATIENT,201401,201412,1,131.00162,.00000000000,201510,2016-07-22
POST1,MedAdvantage,CM,COUNT,LABORATORY,201401,201412,0,843.72113,.15824627408,201510,2016-07-22
POST1,MedAdvantage,CM,COUNT,LABORATORY,201401,201412,1,895.88707,.15824627408,201510,2016-07-22
POST1,MedAdvantage,CM,COUNT,OTHER PROFESSIONAL,201401,201412,0,5943.02108,.00000000000,201510,2016-07-22
POST1,MedAdvantage,CM,COUNT,OTHER PROFESSIONAL,201401,201412,1,4428.60789,.00000000000,201510,2016-07-22
POST1,MedAdvantage,CM,COUNT,OUTPATIENT,201401,201412,0,226.77362,.00507856855,201510,2016-07-22
POST1,MedAdvantage,CM,COUNT,OUTPATIENT,201401,201412,1,263.29637,.00507856855,201510,2016-07-22
POST1,MedAdvantage,CM,COUNT,PHARMACY,201401,201412,0,3488.15746,.00000216561,201510,2016-07-22
POST1,MedAdvantage,CM,COUNT,PHARMACY,201401,201412,1,3756.38873,.00000216561,201510,2016-07-22
POST1,MedAdvantage,CM,COUNT,PROFESSIONAL OFFICE VISIT,201401,201412,0,1238.26175,.00000067866,201510,2016-07-22
POST1,MedAdvantage,CM,COUNT,PROFESSIONAL OFFICE VISIT,201401,201412,1,1364.83108,.00000067866,201510,2016-07-22
POST1,MedAdvantage,CM,COUNT,RADIOLOGY,201401,201412,0,1410.77323,.00000007301,201510,2016-07-22
POST1,MedAdvantage,CM,COUNT,RADIOLOGY,201401,201412,1,1119.09514,.00000007301,201510,2016-07-22
POST1,MedAdvantage,CM,COUNT,READMIT,201401,201412,0,10.27412,.00012444808,201510,2016-07-22
POST1,MedAdvantage,CM,COUNT,READMIT,201401,201412,1,3.43627,.00012444808,201510,2016-07-22
POST1,Individual,DM,COST,ANCILLARY,201402,201501,0,153.34785,.92148727357,201511,2016-07-19
POST1,Individual,DM,COST,ANCILLARY,201402,201501,1,159.12254,.92148727357,201511,2016-07-19
POST1,Individual,DM,COST,ER,201402,201501,0,502.83263,.70332040970,201511,2016-07-19
POST1,Individual,DM,COST,ER,201402,201501,1,474.59243,.70332040970,201511,2016-07-19
POST1,Individual,DM,COST,HOME HEALTH,201402,201501,0,23.53125,.13743614358,201511,2016-07-19
POST1,Individual,DM,COST,HOME HEALTH,201402,201501,1,11.29237,.13743614358,201511,2016-07-19
POST1,Individual,DM,COST,INPATIENT,201402,201501,0,4030.06598,.43711483419,201511,2016-07-19
POST1,Individual,DM,COST,INPATIENT,201402,201501,1,2778.02361,.43711483419,201511,2016-07-19
POST1,Individual,DM,COST,LABORATORY,201402,201501,0,82.65168,.19758878522,201511,2016-07-19
POST1,Individual,DM,COST,LABORATORY,201402,201501,1,71.49006,.19758878522,201511,2016-07-19
POST1,Individual,DM,COST,TOTAL MEDICAL,201402,201501,0,6591.52358,.16736001608,201511,2016-07-19
POST1,Individual,DM,COST,TOTAL MEDICAL,201402,201501,1,5946.85945,.16736001608,201511,2016-07-19
POST1,Individual,DM,COST,OTHER PROFESSIONAL,201402,201501,0,1602.53829,.19619473132,201511,2016-07-19
POST1,Individual,DM,COST,OTHER PROFESSIONAL,201402,201501,1,1360.46352,.19619473132,201511,2016-07-19
POST1,Individual,DM,COST,OUTPATIENT,201402,201501,0,1451.41793,.70498087713,201511,2016-07-19
POST1,Individual,DM,COST,OUTPATIENT,201402,201501,1,1367.68600,.70498087713,201511,2016-07-19
POST1,Individual,DM,COST,PHARMACY,201402,201501,0,2179.03578,.36815490233,201511,2016-07-19
POST1,Individual,DM,COST,PHARMACY,201402,201501,1,2048.38263,.36815490233,201511,2016-07-19
POST1,Individual,DM,COST,PROFESSIONAL OFFICE VISIT,201402,201501,0,487.54477,.30045963290,201511,2016-07-19
POST1,Individual,DM,COST,PROFESSIONAL OFFICE VISIT,201402,201501,1,473.02177,.30045963290,201511,2016-07-19
POST1,Individual,DM,COST,RADIOLOGY,201402,201501,0,272.81551,.91403432049,201511,2016-07-19
POST1,Individual,DM,COST,RADIOLOGY,201402,201501,1,276.66119,.91403432049,201511,2016-07-19
POST1,Individual,DM,COST,TOTAL RX,201402,201501,0,1971.75641,.40792802988,201511,2016-07-19
POST1,Individual,DM,COST,TOTAL RX,201402,201501,1,1925.83806,.40792802988,201511,2016-07-19
POST1,Individual,DM,COST,TOTAL ALL,201402,201501,0,8838.84120,.05322081041,201511,2016-07-19
POST1,Individual,DM,COST,TOTAL ALL,201402,201501,1,7868.85132,.05322081041,201511,2016-07-19
POST1,Individual,DM,COUNT,ANCILLARY,201402,201501,0,48.53140,.80003641559,201511,2016-07-19
POST1,Individual,DM,COUNT,ANCILLARY,201402,201501,1,51.11147,.80003641559,201511,2016-07-19
POST1,Individual,DM,COUNT,ER,201402,201501,0,35.53527,.95511752860,201511,2016-07-19
POST1,Individual,DM,COUNT,ER,201402,201501,1,35.78458,.95511752860,201511,2016-07-19
POST1,Individual,DM,COUNT,HOME HEALTH,201402,201501,0,50.58516,.18335405908,201511,2016-07-19
POST1,Individual,DM,COUNT,HOME HEALTH,201402,201501,1,24.17680,.18335405908,201511,2016-07-19
POST1,Individual,DM,COUNT,INPATIENT,201402,201501,0,30.50119,.17959252187,201511,2016-07-19
POST1,Individual,DM,COUNT,INPATIENT,201402,201501,1,25.29835,.17959252187,201511,2016-07-19
POST1,Individual,DM,COUNT,LABORATORY,201402,201501,0,607.29801,.53883771297,201511,2016-07-19
POST1,Individual,DM,COUNT,LABORATORY,201402,201501,1,581.39106,.53883771297,201511,2016-07-19
POST1,Individual,DM,COUNT,OTHER PROFESSIONAL,201402,201501,0,1576.80142,.13575355022,201511,2016-07-19
POST1,Individual,DM,COUNT,OTHER PROFESSIONAL,201402,201501,1,1429.99109,.13575355022,201511,2016-07-19
POST1,Individual,DM,COUNT,OUTPATIENT,201402,201501,0,140.33855,.87823646103,201511,2016-07-19
POST1,Individual,DM,COUNT,OUTPATIENT,201402,201501,1,137.92775,.87823646103,201511,2016-07-19
POST1,Individual,DM,COUNT,PHARMACY,201402,201501,0,3865.23417,.45727077584,201511,2016-07-19
POST1,Individual,DM,COUNT,PHARMACY,201402,201501,1,3920.80942,.45727077584,201511,2016-07-19
POST1,Individual,DM,COUNT,PROFESSIONAL OFFICE VISIT,201402,201501,0,848.84815,.82714077707,201511,2016-07-19
POST1,Individual,DM,COUNT,PROFESSIONAL OFFICE VISIT,201402,201501,1,853.62563,.82714077707,201511,2016-07-19
POST1,Individual,DM,COUNT,RADIOLOGY,201402,201501,0,419.44869,.60630284180,201511,2016-07-19
POST1,Individual,DM,COUNT,RADIOLOGY,201402,201501,1,435.43063,.60630284180,201511,2016-07-19
POST1,Individual,DM,COUNT,READMIT,201402,201501,0,3.40573,.26863128964,201511,2016-07-19
POST1,Individual,DM,COUNT,READMIT,201402,201501,1,1.75142,.26863128964,201511,2016-07-19
POST1,Group,DM,COST,ANCILLARY,201402,201501,0,397.13928,.81104367128,201511,2016-07-19
POST1,Group,DM,COST,ANCILLARY,201402,201501,1,359.46464,.81104367128,201511,2016-07-19
POST1,Group,DM,COST,ER,201402,201501,0,655.41403,.01663992334,201511,2016-07-19
POST1,Group,DM,COST,ER,201402,201501,1,407.46753,.01663992334,201511,2016-07-19
POST1,Group,DM,COST,HOME HEALTH,201402,201501,0,18.68893,.12406121095,201511,2016-07-19
POST1,Group,DM,COST,HOME HEALTH,201402,201501,1,39.51037,.12406121095,201511,2016-07-19
POST1,Group,DM,COST,INPATIENT,201402,201501,0,4310.51719,.20616352571,201511,2016-07-19
POST1,Group,DM,COST,INPATIENT,201402,201501,1,2917.82074,.20616352571,201511,2016-07-19
POST1,Group,DM,COST,LABORATORY,201402,201501,0,120.96275,.18400800035,201511,2016-07-19
POST1,Group,DM,COST,LABORATORY,201402,201501,1,94.80322,.18400800035,201511,2016-07-19
POST1,Group,DM,COST,TOTAL MEDICAL,201402,201501,0,8910.56232,.06608819178,201511,2016-07-19
POST1,Group,DM,COST,TOTAL MEDICAL,201402,201501,1,7453.20803,.06608819178,201511,2016-07-19
POST1,Group,DM,COST,OTHER PROFESSIONAL,201402,201501,0,1962.95997,.01239995573,201511,2016-07-19
POST1,Group,DM,COST,OTHER PROFESSIONAL,201402,201501,1,1466.41578,.01239995573,201511,2016-07-19
POST1,Group,DM,COST,OUTPATIENT,201402,201501,0,1830.02997,.46028662255,201511,2016-07-19
POST1,Group,DM,COST,OUTPATIENT,201402,201501,1,2063.58336,.46028662255,201511,2016-07-19
POST1,Group,DM,COST,PHARMACY,201402,201501,0,2521.41995,.02058834200,201511,2016-07-19
POST1,Group,DM,COST,PHARMACY,201402,201501,1,2944.05298,.02058834200,201511,2016-07-19
POST1,Group,DM,COST,PROFESSIONAL OFFICE VISIT,201402,201501,0,592.34677,.84198170706,201511,2016-07-19
POST1,Group,DM,COST,PROFESSIONAL OFFICE VISIT,201402,201501,1,588.30898,.84198170706,201511,2016-07-19
POST1,Group,DM,COST,RADIOLOGY,201402,201501,0,344.45389,.33446136214,201511,2016-07-19
POST1,Group,DM,COST,RADIOLOGY,201402,201501,1,297.55565,.33446136214,201511,2016-07-19
POST1,Group,DM,COST,TOTAL RX,201402,201501,0,2400.86286,.15941192216,201511,2016-07-19
POST1,Group,DM,COST,TOTAL RX,201402,201501,1,2520.31531,.15941192216,201511,2016-07-19
POST1,Group,DM,COST,TOTAL ALL,201402,201501,0,11480.41360,.13033789491,201511,2016-07-19
POST1,Group,DM,COST,TOTAL ALL,201402,201501,1,10215.72034,.13033789491,201511,2016-07-19
POST1,Group,DM,COUNT,ANCILLARY,201402,201501,0,96.55508,.09033080561,201511,2016-07-19
POST1,Group,DM,COUNT,ANCILLARY,201402,201501,1,59.80503,.09033080561,201511,2016-07-19
POST1,Group,DM,COUNT,ER,201402,201501,0,48.43501,.00117150438,201511,2016-07-19
POST1,Group,DM,COUNT,ER,201402,201501,1,30.00893,.00117150438,201511,2016-07-19
POST1,Group,DM,COUNT,HOME HEALTH,201402,201501,0,48.45393,.47087952421,201511,2016-07-19
POST1,Group,DM,COUNT,HOME HEALTH,201402,201501,1,69.34519,.47087952421,201511,2016-07-19
POST1,Group,DM,COUNT,INPATIENT,201402,201501,0,36.17213,.00394413925,201511,2016-07-19
POST1,Group,DM,COUNT,INPATIENT,201402,201501,1,21.53435,.00394413925,201511,2016-07-19
POST1,Group,DM,COUNT,LABORATORY,201402,201501,0,975.36045,.21778223012,201511,2016-07-19
POST1,Group,DM,COUNT,LABORATORY,201402,201501,1,809.11205,.21778223012,201511,2016-07-19
POST1,Group,DM,COUNT,OTHER PROFESSIONAL,201402,201501,0,2146.08888,.05803722388,201511,2016-07-19
POST1,Group,DM,COUNT,OTHER PROFESSIONAL,201402,201501,1,1816.10362,.05803722388,201511,2016-07-19
POST1,Group,DM,COUNT,OUTPATIENT,201402,201501,0,179.90355,.27121027348,201511,2016-07-19
POST1,Group,DM,COUNT,OUTPATIENT,201402,201501,1,154.82746,.27121027348,201511,2016-07-19
POST1,Group,DM,COUNT,PHARMACY,201402,201501,0,4034.04106,.72820851200,201511,2016-07-19
POST1,Group,DM,COUNT,PHARMACY,201402,201501,1,4061.03178,.72820851200,201511,2016-07-19
POST1,Group,DM,COUNT,PROFESSIONAL OFFICE VISIT,201402,201501,0,971.77529,.15064961418,201511,2016-07-19
POST1,Group,DM,COUNT,PROFESSIONAL OFFICE VISIT,201402,201501,1,1014.22280,.15064961418,201511,2016-07-19
POST1,Group,DM,COUNT,RADIOLOGY,201402,201501,0,537.64772,.01071014496,201511,2016-07-19
POST1,Group,DM,COUNT,RADIOLOGY,201402,201501,1,413.33056,.01071014496,201511,2016-07-19
POST1,Group,DM,COUNT,READMIT,201402,201501,0,2.70652,.35712198308,201511,2016-07-19
POST1,Group,DM,COUNT,READMIT,201402,201501,1,1.62748,.35712198308,201511,2016-07-19
POST1,Individual,CM,COST,ANCILLARY,201402,201501,0,2308.72683,.84137133632,201511,2016-07-19
POST1,Individual,CM,COST,ANCILLARY,201402,201501,1,2383.62844,.84137133632,201511,2016-07-19
POST1,Individual,CM,COST,ER,201402,201501,0,1035.56107,.01431224486,201511,2016-07-19
POST1,Individual,CM,COST,ER,201402,201501,1,801.42157,.01431224486,201511,2016-07-19
POST1,Individual,CM,COST,HOME HEALTH,201402,201501,0,182.30258,.21310347537,201511,2016-07-19
POST1,Individual,CM,COST,HOME HEALTH,201402,201501,1,148.14482,.21310347537,201511,2016-07-19
POST1,Individual,CM,COST,INPATIENT,201402,201501,0,15422.24152,.71387377312,201511,2016-07-19
POST1,Individual,CM,COST,INPATIENT,201402,201501,1,14774.05375,.71387377312,201511,2016-07-19
POST1,Individual,CM,COST,LABORATORY,201402,201501,0,335.72482,.37795138732,201511,2016-07-19
POST1,Individual,CM,COST,LABORATORY,201402,201501,1,307.67495,.37795138732,201511,2016-07-19
POST1,Individual,CM,COST,TOTAL MEDICAL,201402,201501,0,32809.48489,.01498663613,201511,2016-07-19
POST1,Individual,CM,COST,TOTAL MEDICAL,201402,201501,1,28768.75982,.01498663613,201511,2016-07-19
POST1,Individual,CM,COST,OTHER PROFESSIONAL,201402,201501,0,7073.51913,.16681213536,201511,2016-07-19
POST1,Individual,CM,COST,OTHER PROFESSIONAL,201402,201501,1,6378.91399,.16681213536,201511,2016-07-19
POST1,Individual,CM,COST,OUTPATIENT,201402,201501,0,5506.91694,.31531057786,201511,2016-07-19
POST1,Individual,CM,COST,OUTPATIENT,201402,201501,1,4976.21340,.31531057786,201511,2016-07-19
POST1,Individual,CM,COST,PHARMACY,201402,201501,0,4943.90536,.01425432647,201511,2016-07-19
POST1,Individual,CM,COST,PHARMACY,201402,201501,1,3760.32470,.01425432647,201511,2016-07-19
POST1,Individual,CM,COST,PROFESSIONAL OFFICE VISIT,201402,201501,0,803.18542,.66885894375,201511,2016-07-19
POST1,Individual,CM,COST,PROFESSIONAL OFFICE VISIT,201402,201501,1,814.19480,.66885894375,201511,2016-07-19
POST1,Individual,CM,COST,RADIOLOGY,201402,201501,0,1474.18687,.05733063296,201511,2016-07-19
POST1,Individual,CM,COST,RADIOLOGY,201402,201501,1,1179.19176,.05733063296,201511,2016-07-19
POST1,Individual,CM,COST,TOTAL RX,201402,201501,0,3928.96218,.05526792543,201511,2016-07-19
POST1,Individual,CM,COST,TOTAL RX,201402,201501,1,3461.10071,.05526792543,201511,2016-07-19
POST1,Individual,CM,COST,TOTAL ALL,201402,201501,0,37614.34087,.00355824257,201511,2016-07-19
POST1,Individual,CM,COST,TOTAL ALL,201402,201501,1,32551.88428,.00355824257,201511,2016-07-19
POST1,Individual,CM,COUNT,ANCILLARY,201402,201501,0,307.34413,.99413043235,201511,2016-07-19
POST1,Individual,CM,COUNT,ANCILLARY,201402,201501,1,307.14718,.99413043235,201511,2016-07-19
POST1,Individual,CM,COUNT,ER,201402,201501,0,77.32849,.01988050282,201511,2016-07-19
POST1,Individual,CM,COUNT,ER,201402,201501,1,62.86934,.01988050282,201511,2016-07-19
POST1,Individual,CM,COUNT,HOME HEALTH,201402,201501,0,368.05215,.35096062051,201511,2016-07-19
POST1,Individual,CM,COUNT,HOME HEALTH,201402,201501,1,315.83431,.35096062051,201511,2016-07-19
POST1,Individual,CM,COUNT,INPATIENT,201402,201501,0,124.07372,.00000001811,201511,2016-07-19
POST1,Individual,CM,COUNT,INPATIENT,201402,201501,1,86.13442,.00000001811,201511,2016-07-19
POST1,Individual,CM,COUNT,LABORATORY,201402,201501,0,1520.67870,.68847890883,201511,2016-07-19
POST1,Individual,CM,COUNT,LABORATORY,201402,201501,1,1468.76058,.68847890883,201511,2016-07-19
POST1,Individual,CM,COUNT,OTHER PROFESSIONAL,201402,201501,0,5130.75816,.00080266688,201511,2016-07-19
POST1,Individual,CM,COUNT,OTHER PROFESSIONAL,201402,201501,1,4331.86914,.00080266688,201511,2016-07-19
POST1,Individual,CM,COUNT,OUTPATIENT,201402,201501,0,441.78826,.28068070288,201511,2016-07-19
POST1,Individual,CM,COUNT,OUTPATIENT,201402,201501,1,480.63934,.28068070288,201511,2016-07-19
POST1,Individual,CM,COUNT,PHARMACY,201402,201501,0,3333.92203,.23764557244,201511,2016-07-19
POST1,Individual,CM,COUNT,PHARMACY,201402,201501,1,3238.94000,.23764557244,201511,2016-07-19
POST1,Individual,CM,COUNT,PROFESSIONAL OFFICE VISIT,201402,201501,0,1236.99060,.56368571447,201511,2016-07-19
POST1,Individual,CM,COUNT,PROFESSIONAL OFFICE VISIT,201402,201501,1,1256.48956,.56368571447,201511,2016-07-19
POST1,Individual,CM,COUNT,RADIOLOGY,201402,201501,0,1596.80619,.00051692834,201511,2016-07-19
POST1,Individual,CM,COUNT,RADIOLOGY,201402,201501,1,1283.86766,.00051692834,201511,2016-07-19
POST1,Individual,CM,COUNT,READMIT,201402,201501,0,18.46844,.00010414566,201511,2016-07-19
POST1,Individual,CM,COUNT,READMIT,201402,201501,1,8.47051,.00010414566,201511,2016-07-19
POST1,Group,CM,COST,ANCILLARY,201402,201501,0,2392.49059,.18007266124,201511,2016-07-19
POST1,Group,CM,COST,ANCILLARY,201402,201501,1,2678.33291,.18007266124,201511,2016-07-19
POST1,Group,CM,COST,ER,201402,201501,0,1128.98636,.06372464772,201511,2016-07-19
POST1,Group,CM,COST,ER,201402,201501,1,1001.89760,.06372464772,201511,2016-07-19
POST1,Group,CM,COST,HOME HEALTH,201402,201501,0,227.51759,.60941088391,201511,2016-07-19
POST1,Group,CM,COST,HOME HEALTH,201402,201501,1,215.94606,.60941088391,201511,2016-07-19
POST1,Group,CM,COST,INPATIENT,201402,201501,0,18182.52736,.00625047088,201511,2016-07-19
POST1,Group,CM,COST,INPATIENT,201402,201501,1,15132.85167,.00625047088,201511,2016-07-19
POST1,Group,CM,COST,LABORATORY,201402,201501,0,294.27274,.77499818777,201511,2016-07-19
POST1,Group,CM,COST,LABORATORY,201402,201501,1,298.53423,.77499818777,201511,2016-07-19
POST1,Group,CM,COST,TOTAL MEDICAL,201402,201501,0,33177.35033,.00370136125,201511,2016-07-19
POST1,Group,CM,COST,TOTAL MEDICAL,201402,201501,1,30489.04135,.00370136125,201511,2016-07-19
POST1,Group,CM,COST,OTHER PROFESSIONAL,201402,201501,0,6920.07374,.02830052349,201511,2016-07-19
POST1,Group,CM,COST,OTHER PROFESSIONAL,201402,201501,1,6314.15519,.02830052349,201511,2016-07-19
POST1,Group,CM,COST,OUTPATIENT,201402,201501,0,4629.73961,.67203016675,201511,2016-07-19
POST1,Group,CM,COST,OUTPATIENT,201402,201501,1,4744.73865,.67203016675,201511,2016-07-19
POST1,Group,CM,COST,PHARMACY,201402,201501,0,2715.08195,.09388135038,201511,2016-07-19
POST1,Group,CM,COST,PHARMACY,201402,201501,1,2333.77415,.09388135038,201511,2016-07-19
POST1,Group,CM,COST,PROFESSIONAL OFFICE VISIT,201402,201501,0,815.60133,.00007906973,201511,2016-07-19
POST1,Group,CM,COST,PROFESSIONAL OFFICE VISIT,201402,201501,1,867.51326,.00007906973,201511,2016-07-19
POST1,Group,CM,COST,RADIOLOGY,201402,201501,0,1039.71155,.98215364666,201511,2016-07-19
POST1,Group,CM,COST,RADIOLOGY,201402,201501,1,1041.28811,.98215364666,201511,2016-07-19
POST1,Group,CM,COST,TOTAL RX,201402,201501,0,1995.89493,.01672561535,201511,2016-07-19
POST1,Group,CM,COST,TOTAL RX,201402,201501,1,1822.00581,.01672561535,201511,2016-07-19
POST1,Group,CM,COST,TOTAL ALL,201402,201501,0,35811.12789,.00138374711,201511,2016-07-19
POST1,Group,CM,COST,TOTAL ALL,201402,201501,1,32762.43017,.00138374711,201511,2016-07-19
POST1,Group,CM,COUNT,ANCILLARY,201402,201501,0,407.64136,.00841018018,201511,2016-07-19
POST1,Group,CM,COUNT,ANCILLARY,201402,201501,1,453.26506,.00841018018,201511,2016-07-19
POST1,Group,CM,COUNT,ER,201402,201501,0,82.90765,.08011849378,201511,2016-07-19
POST1,Group,CM,COUNT,ER,201402,201501,1,76.66715,.08011849378,201511,2016-07-19
POST1,Group,CM,COUNT,HOME HEALTH,201402,201501,0,391.36482,.40798866197,201511,2016-07-19
POST1,Group,CM,COUNT,HOME HEALTH,201402,201501,1,361.47507,.40798866197,201511,2016-07-19
POST1,Group,CM,COUNT,INPATIENT,201402,201501,0,133.76975,.00000012584,201511,2016-07-19
POST1,Group,CM,COUNT,INPATIENT,201402,201501,1,111.84594,.00000012584,201511,2016-07-19
POST1,Group,CM,COUNT,LABORATORY,201402,201501,0,1870.07116,.11193669550,201511,2016-07-19
POST1,Group,CM,COUNT,LABORATORY,201402,201501,1,1977.23344,.11193669550,201511,2016-07-19
POST1,Group,CM,COUNT,OTHER PROFESSIONAL,201402,201501,0,5921.86841,.00000162171,201511,2016-07-19
POST1,Group,CM,COUNT,OTHER PROFESSIONAL,201402,201501,1,5186.92647,.00000162171,201511,2016-07-19
POST1,Group,CM,COUNT,OUTPATIENT,201402,201501,0,458.12472,.04201235879,201511,2016-07-19
POST1,Group,CM,COUNT,OUTPATIENT,201402,201501,1,493.39341,.04201235879,201511,2016-07-19
POST1,Group,CM,COUNT,PHARMACY,201402,201501,0,1996.62371,.02114135987,201511,2016-07-19
POST1,Group,CM,COUNT,PHARMACY,201402,201501,1,1928.66915,.02114135987,201511,2016-07-19
POST1,Group,CM,COUNT,PROFESSIONAL OFFICE VISIT,201402,201501,0,1219.66985,.00000002569,201511,2016-07-19
POST1,Group,CM,COUNT,PROFESSIONAL OFFICE VISIT,201402,201501,1,1317.42980,.00000002569,201511,2016-07-19
POST1,Group,CM,COUNT,RADIOLOGY,201402,201501,0,1438.50228,.00000038776,201511,2016-07-19
POST1,Group,CM,COUNT,RADIOLOGY,201402,201501,1,1222.19968,.00000038776,201511,2016-07-19
POST1,Group,CM,COUNT,READMIT,201402,201501,0,15.77488,.06647699949,201511,2016-07-19
POST1,Group,CM,COUNT,READMIT,201402,201501,1,13.13000,.06647699949,201511,2016-07-19
POST1,MedAdvantage,DM,COST,ANCILLARY,201402,201501,0,297.69222,.02513083622,201511,2016-07-19
POST1,MedAdvantage,DM,COST,ANCILLARY,201402,201501,1,196.38231,.02513083622,201511,2016-07-19
POST1,MedAdvantage,DM,COST,ER,201402,201501,0,227.20570,.01497935197,201511,2016-07-19
POST1,MedAdvantage,DM,COST,ER,201402,201501,1,149.38988,.01497935197,201511,2016-07-19
POST1,MedAdvantage,DM,COST,HOME HEALTH,201402,201501,0,24.26545,.49707341663,201511,2016-07-19
POST1,MedAdvantage,DM,COST,HOME HEALTH,201402,201501,1,32.11899,.49707341663,201511,2016-07-19
POST1,MedAdvantage,DM,COST,INPATIENT,201402,201501,0,3917.12150,.19315711244,201511,2016-07-19
POST1,MedAdvantage,DM,COST,INPATIENT,201402,201501,1,3300.29616,.19315711244,201511,2016-07-19
POST1,MedAdvantage,DM,COST,LABORATORY,201402,201501,0,89.06640,.41032623078,201511,2016-07-19
POST1,MedAdvantage,DM,COST,LABORATORY,201402,201501,1,98.99742,.41032623078,201511,2016-07-19
POST1,MedAdvantage,DM,COST,TOTAL MEDICAL,201402,201501,0,7695.96010,.01377906360,201511,2016-07-19
POST1,MedAdvantage,DM,COST,TOTAL MEDICAL,201402,201501,1,6490.21589,.01377906360,201511,2016-07-19
POST1,MedAdvantage,DM,COST,OTHER PROFESSIONAL,201402,201501,0,1918.23263,.01118974435,201511,2016-07-19
POST1,MedAdvantage,DM,COST,OTHER PROFESSIONAL,201402,201501,1,1556.02655,.01118974435,201511,2016-07-19
POST1,MedAdvantage,DM,COST,OUTPATIENT,201402,201501,0,718.54834,.54152546804,201511,2016-07-19
POST1,MedAdvantage,DM,COST,OUTPATIENT,201402,201501,1,788.26566,.54152546804,201511,2016-07-19
POST1,MedAdvantage,DM,COST,PHARMACY,201402,201501,0,1723.89392,.28781063893,201511,2016-07-19
POST1,MedAdvantage,DM,COST,PHARMACY,201402,201501,1,1575.96008,.28781063893,201511,2016-07-19
POST1,MedAdvantage,DM,COST,PROFESSIONAL OFFICE VISIT,201402,201501,0,549.10899,.10022369323,201511,2016-07-19
POST1,MedAdvantage,DM,COST,PROFESSIONAL OFFICE VISIT,201402,201501,1,524.07879,.10022369323,201511,2016-07-19
POST1,MedAdvantage,DM,COST,RADIOLOGY,201402,201501,0,343.79131,.51211402853,201511,2016-07-19
POST1,MedAdvantage,DM,COST,RADIOLOGY,201402,201501,1,310.09326,.51211402853,201511,2016-07-19
POST1,MedAdvantage,DM,COST,TOTAL RX,201402,201501,0,1467.25173,.25788090009,201511,2016-07-19
POST1,MedAdvantage,DM,COST,TOTAL RX,201402,201501,1,1407.97120,.25788090009,201511,2016-07-19
POST1,MedAdvantage,DM,COST,TOTAL ALL,201402,201501,0,9304.37612,.02043385423,201511,2016-07-19
POST1,MedAdvantage,DM,COST,TOTAL ALL,201402,201501,1,8119.92541,.02043385423,201511,2016-07-19
POST1,MedAdvantage,DM,COUNT,ANCILLARY,201402,201501,0,158.01229,.28596526857,201511,2016-07-19
POST1,MedAdvantage,DM,COUNT,ANCILLARY,201402,201501,1,135.41835,.28596526857,201511,2016-07-19
POST1,MedAdvantage,DM,COUNT,ER,201402,201501,0,44.15114,.01108722709,201511,2016-07-19
POST1,MedAdvantage,DM,COUNT,ER,201402,201501,1,31.10342,.01108722709,201511,2016-07-19
POST1,MedAdvantage,DM,COUNT,HOME HEALTH,201402,201501,0,55.78314,.48859952115,201511,2016-07-19
POST1,MedAdvantage,DM,COUNT,HOME HEALTH,201402,201501,1,73.83037,.48859952115,201511,2016-07-19
POST1,MedAdvantage,DM,COUNT,INPATIENT,201402,201501,0,77.91611,.00383118311,201511,2016-07-19
POST1,MedAdvantage,DM,COUNT,INPATIENT,201402,201501,1,56.13357,.00383118311,201511,2016-07-19
POST1,MedAdvantage,DM,COUNT,LABORATORY,201402,201501,0,619.93075,.67244382139,201511,2016-07-19
POST1,MedAdvantage,DM,COUNT,LABORATORY,201402,201501,1,602.66234,.67244382139,201511,2016-07-19
POST1,MedAdvantage,DM,COUNT,OTHER PROFESSIONAL,201402,201501,0,2875.92620,.01681770390,201511,2016-07-19
POST1,MedAdvantage,DM,COUNT,OTHER PROFESSIONAL,201402,201501,1,2447.45995,.01681770390,201511,2016-07-19
POST1,MedAdvantage,DM,COUNT,OUTPATIENT,201402,201501,0,159.00121,.55358048081,201511,2016-07-19
POST1,MedAdvantage,DM,COUNT,OUTPATIENT,201402,201501,1,166.77598,.55358048081,201511,2016-07-19
POST1,MedAdvantage,DM,COUNT,PHARMACY,201402,201501,0,3653.73483,.00784577962,201511,2016-07-19
POST1,MedAdvantage,DM,COUNT,PHARMACY,201402,201501,1,3848.84645,.00784577962,201511,2016-07-19
POST1,MedAdvantage,DM,COUNT,PROFESSIONAL OFFICE VISIT,201402,201501,0,1061.75368,.50850321902,201511,2016-07-19
POST1,MedAdvantage,DM,COUNT,PROFESSIONAL OFFICE VISIT,201402,201501,1,1041.13989,.50850321902,201511,2016-07-19
POST1,MedAdvantage,DM,COUNT,RADIOLOGY,201402,201501,0,727.82555,.01359392222,201511,2016-07-19
POST1,MedAdvantage,DM,COUNT,RADIOLOGY,201402,201501,1,597.62984,.01359392222,201511,2016-07-19
POST1,MedAdvantage,DM,COUNT,READMIT,201402,201501,0,3.40492,.46811218300,201511,2016-07-19
POST1,MedAdvantage,DM,COUNT,READMIT,201402,201501,1,2.38794,.46811218300,201511,2016-07-19
POST1,MedAdvantage,CM,COST,ANCILLARY,201402,201501,0,931.90890,.27161873435,201511,2016-07-19
POST1,MedAdvantage,CM,COST,ANCILLARY,201402,201501,1,848.61994,.27161873435,201511,2016-07-19
POST1,MedAdvantage,CM,COST,ER,201402,201501,0,380.26691,.30573486849,201511,2016-07-19
POST1,MedAdvantage,CM,COST,ER,201402,201501,1,346.37292,.30573486849,201511,2016-07-19
POST1,MedAdvantage,CM,COST,HOME HEALTH,201402,201501,0,71.27183,.02110719965,201511,2016-07-19
POST1,MedAdvantage,CM,COST,HOME HEALTH,201402,201501,1,41.64979,.02110719965,201511,2016-07-19
POST1,MedAdvantage,CM,COST,INPATIENT,201402,201501,0,10058.50899,.00000148315,201511,2016-07-19
POST1,MedAdvantage,CM,COST,INPATIENT,201402,201501,1,7574.15962,.00000148315,201511,2016-07-19
POST1,MedAdvantage,CM,COST,LABORATORY,201402,201501,0,139.04828,.83342434737,201511,2016-07-19
POST1,MedAdvantage,CM,COST,LABORATORY,201402,201501,1,141.39533,.83342434737,201511,2016-07-19
POST1,MedAdvantage,CM,COST,TOTAL MEDICAL,201402,201501,0,17057.22457,.00000347088,201511,2016-07-19
POST1,MedAdvantage,CM,COST,TOTAL MEDICAL,201402,201501,1,14537.78386,.00000347088,201511,2016-07-19
POST1,MedAdvantage,CM,COST,OTHER PROFESSIONAL,201402,201501,0,4006.30469,.00012844651,201511,2016-07-19
POST1,MedAdvantage,CM,COST,OTHER PROFESSIONAL,201402,201501,1,3366.94920,.00012844651,201511,2016-07-19
POST1,MedAdvantage,CM,COST,OUTPATIENT,201402,201501,0,1207.73199,.26598825512,201511,2016-07-19
POST1,MedAdvantage,CM,COST,OUTPATIENT,201402,201501,1,1345.59775,.26598825512,201511,2016-07-19
POST1,MedAdvantage,CM,COST,PHARMACY,201402,201501,0,1895.96213,.00004924881,201511,2016-07-19
POST1,MedAdvantage,CM,COST,PHARMACY,201402,201501,1,2569.37635,.00004924881,201511,2016-07-19
POST1,MedAdvantage,CM,COST,PROFESSIONAL OFFICE VISIT,201402,201501,0,649.47504,.00000000025,201511,2016-07-19
POST1,MedAdvantage,CM,COST,PROFESSIONAL OFFICE VISIT,201402,201501,1,735.83633,.00000000025,201511,2016-07-19
POST1,MedAdvantage,CM,COST,RADIOLOGY,201402,201501,0,587.20948,.28573445404,201511,2016-07-19
POST1,MedAdvantage,CM,COST,RADIOLOGY,201402,201501,1,535.57718,.28573445404,201511,2016-07-19
POST1,MedAdvantage,CM,COST,TOTAL RX,201402,201501,0,1711.05110,.00001022555,201511,2016-07-19
POST1,MedAdvantage,CM,COST,TOTAL RX,201402,201501,1,2068.78104,.00001022555,201511,2016-07-19
POST1,MedAdvantage,CM,COST,TOTAL ALL,201402,201501,0,19014.22743,.00066752107,201511,2016-07-19
POST1,MedAdvantage,CM,COST,TOTAL ALL,201402,201501,1,17049.23616,.00066752107,201511,2016-07-19
POST1,MedAdvantage,CM,COUNT,ANCILLARY,201402,201501,0,393.51509,.23870678968,201511,2016-07-19
POST1,MedAdvantage,CM,COUNT,ANCILLARY,201402,201501,1,418.32542,.23870678968,201511,2016-07-19
POST1,MedAdvantage,CM,COUNT,ER,201402,201501,0,71.90730,.78771484970,201511,2016-07-19
POST1,MedAdvantage,CM,COUNT,ER,201402,201501,1,73.14277,.78771484970,201511,2016-07-19
POST1,MedAdvantage,CM,COUNT,HOME HEALTH,201402,201501,0,172.64715,.05175583269,201511,2016-07-19
POST1,MedAdvantage,CM,COUNT,HOME HEALTH,201402,201501,1,113.57654,.05175583269,201511,2016-07-19
POST1,MedAdvantage,CM,COUNT,INPATIENT,201402,201501,0,207.27520,.00000000000,201511,2016-07-19
POST1,MedAdvantage,CM,COUNT,INPATIENT,201402,201501,1,141.92669,.00000000000,201511,2016-07-19
POST1,MedAdvantage,CM,COUNT,LABORATORY,201402,201501,0,858.42453,.09809161645,201511,2016-07-19
POST1,MedAdvantage,CM,COUNT,LABORATORY,201402,201501,1,919.40727,.09809161645,201511,2016-07-19
POST1,MedAdvantage,CM,COUNT,OTHER PROFESSIONAL,201402,201501,0,6585.25474,.00000000000,201511,2016-07-19
POST1,MedAdvantage,CM,COUNT,OTHER PROFESSIONAL,201402,201501,1,4629.35311,.00000000000,201511,2016-07-19
POST1,MedAdvantage,CM,COUNT,OUTPATIENT,201402,201501,0,236.09420,.00202850952,201511,2016-07-19
POST1,MedAdvantage,CM,COUNT,OUTPATIENT,201402,201501,1,278.11750,.00202850952,201511,2016-07-19
POST1,MedAdvantage,CM,COUNT,PHARMACY,201402,201501,0,3509.01485,.00000000000,201511,2016-07-19
POST1,MedAdvantage,CM,COUNT,PHARMACY,201402,201501,1,3902.97099,.00000000000,201511,2016-07-19
POST1,MedAdvantage,CM,COUNT,PROFESSIONAL OFFICE VISIT,201402,201501,0,1271.57812,.00000003343,201511,2016-07-19
POST1,MedAdvantage,CM,COUNT,PROFESSIONAL OFFICE VISIT,201402,201501,1,1415.40498,.00000003343,201511,2016-07-19
POST1,MedAdvantage,CM,COUNT,RADIOLOGY,201402,201501,0,1545.62072,.00000000001,201511,2016-07-19
POST1,MedAdvantage,CM,COUNT,RADIOLOGY,201402,201501,1,1160.01032,.00000000001,201511,2016-07-19
POST1,MedAdvantage,CM,COUNT,READMIT,201402,201501,0,11.45049,.00015917984,201511,2016-07-19
POST1,MedAdvantage,CM,COUNT,READMIT,201402,201501,1,4.31973,.00015917984,201511,2016-07-19
POST1,Individual,DM,COST,ANCILLARY,201403,201502,0,153.87977,.99252596953,201512,2016-07-19
POST1,Individual,DM,COST,ANCILLARY,201403,201502,1,153.34400,.99252596953,201512,2016-07-19
POST1,Individual,DM,COST,ER,201403,201502,0,509.79594,.66622141936,201512,2016-07-19
POST1,Individual,DM,COST,ER,201403,201502,1,477.51112,.66622141936,201512,2016-07-19
POST1,Individual,DM,COST,HOME HEALTH,201403,201502,0,24.86360,.13798402481,201512,2016-07-19
POST1,Individual,DM,COST,HOME HEALTH,201403,201502,1,11.61583,.13798402481,201512,2016-07-19
POST1,Individual,DM,COST,INPATIENT,201403,201502,0,4006.48793,.49053403691,201512,2016-07-19
POST1,Individual,DM,COST,INPATIENT,201403,201502,1,2920.55043,.49053403691,201512,2016-07-19
POST1,Individual,DM,COST,LABORATORY,201403,201502,0,83.26646,.19781679443,201512,2016-07-19
POST1,Individual,DM,COST,LABORATORY,201403,201502,1,72.10584,.19781679443,201512,2016-07-19
POST1,Individual,DM,COST,TOTAL MEDICAL,201403,201502,0,6624.85744,.30701466668,201512,2016-07-19
POST1,Individual,DM,COST,TOTAL MEDICAL,201403,201502,1,6152.73680,.30701466668,201512,2016-07-19
POST1,Individual,DM,COST,OTHER PROFESSIONAL,201403,201502,0,1593.83377,.23162084670,201512,2016-07-19
POST1,Individual,DM,COST,OTHER PROFESSIONAL,201403,201502,1,1376.16246,.23162084670,201512,2016-07-19
POST1,Individual,DM,COST,OUTPATIENT,201403,201502,0,1438.25859,.83380971575,201512,2016-07-19
POST1,Individual,DM,COST,OUTPATIENT,201403,201502,1,1483.92863,.83380971575,201512,2016-07-19
POST1,Individual,DM,COST,PHARMACY,201403,201502,0,2190.13849,.38943508931,201512,2016-07-19
POST1,Individual,DM,COST,PHARMACY,201403,201502,1,2068.16132,.38943508931,201512,2016-07-19
POST1,Individual,DM,COST,PROFESSIONAL OFFICE VISIT,201403,201502,0,485.68172,.83153894117,201512,2016-07-19
POST1,Individual,DM,COST,PROFESSIONAL OFFICE VISIT,201403,201502,1,482.74066,.83153894117,201512,2016-07-19
POST1,Individual,DM,COST,RADIOLOGY,201403,201502,0,272.54066,.93671555035,201512,2016-07-19
POST1,Individual,DM,COST,RADIOLOGY,201403,201502,1,275.30574,.93671555035,201512,2016-07-19
POST1,Individual,DM,COST,TOTAL RX,201403,201502,0,1988.62458,.32210382103,201512,2016-07-19
POST1,Individual,DM,COST,TOTAL RX,201403,201502,1,1935.18057,.32210382103,201512,2016-07-19
POST1,Individual,DM,COST,TOTAL ALL,201403,201502,0,8849.76147,.12529192238,201512,2016-07-19
POST1,Individual,DM,COST,TOTAL ALL,201403,201502,1,8094.97173,.12529192238,201512,2016-07-19
POST1,Individual,DM,COUNT,ANCILLARY,201403,201502,0,49.90661,.82981755985,201512,2016-07-19
POST1,Individual,DM,COUNT,ANCILLARY,201403,201502,1,52.09182,.82981755985,201512,2016-07-19
POST1,Individual,DM,COUNT,ER,201403,201502,0,36.06766,.95310804259,201512,2016-07-19
POST1,Individual,DM,COUNT,ER,201403,201502,1,35.81095,.95310804259,201512,2016-07-19
POST1,Individual,DM,COUNT,HOME HEALTH,201403,201502,0,54.86243,.16116767835,201512,2016-07-19
POST1,Individual,DM,COUNT,HOME HEALTH,201403,201502,1,24.28224,.16116767835,201512,2016-07-19
POST1,Individual,DM,COUNT,INPATIENT,201403,201502,0,31.66299,.15618065803,201512,2016-07-19
POST1,Individual,DM,COUNT,INPATIENT,201403,201502,1,26.15856,.15618065803,201512,2016-07-19
POST1,Individual,DM,COUNT,LABORATORY,201403,201502,0,615.73693,.28033123883,201512,2016-07-19
POST1,Individual,DM,COUNT,LABORATORY,201403,201502,1,570.86952,.28033123883,201512,2016-07-19
POST1,Individual,DM,COUNT,OTHER PROFESSIONAL,201403,201502,0,1616.49267,.10662445605,201512,2016-07-19
POST1,Individual,DM,COUNT,OTHER PROFESSIONAL,201403,201502,1,1449.86005,.10662445605,201512,2016-07-19
POST1,Individual,DM,COUNT,OUTPATIENT,201403,201502,0,139.03151,.69848254182,201512,2016-07-19
POST1,Individual,DM,COUNT,OUTPATIENT,201403,201502,1,144.95693,.69848254182,201512,2016-07-19
POST1,Individual,DM,COUNT,PHARMACY,201403,201502,0,3907.52487,.56539274168,201512,2016-07-19
POST1,Individual,DM,COUNT,PHARMACY,201403,201502,1,3950.15142,.56539274168,201512,2016-07-19
POST1,Individual,DM,COUNT,PROFESSIONAL OFFICE VISIT,201403,201502,0,846.05157,.32992026331,201512,2016-07-19
POST1,Individual,DM,COUNT,PROFESSIONAL OFFICE VISIT,201403,201502,1,867.01292,.32992026331,201512,2016-07-19
POST1,Individual,DM,COUNT,RADIOLOGY,201403,201502,0,430.14876,.74988430511,201512,2016-07-19
POST1,Individual,DM,COUNT,RADIOLOGY,201403,201502,1,440.40843,.74988430511,201512,2016-07-19
POST1,Individual,DM,COUNT,READMIT,201403,201502,0,3.37118,.34122674997,201512,2016-07-19
POST1,Individual,DM,COUNT,READMIT,201403,201502,1,1.98346,.34122674997,201512,2016-07-19
POST1,Group,DM,COST,ANCILLARY,201403,201502,0,354.00076,.52194610028,201512,2016-07-19
POST1,Group,DM,COST,ANCILLARY,201403,201502,1,460.99075,.52194610028,201512,2016-07-19
POST1,Group,DM,COST,ER,201403,201502,0,710.43260,.00800290821,201512,2016-07-19
POST1,Group,DM,COST,ER,201403,201502,1,412.06684,.00800290821,201512,2016-07-19
POST1,Group,DM,COST,HOME HEALTH,201403,201502,0,17.02008,.00254277410,201512,2016-07-19
POST1,Group,DM,COST,HOME HEALTH,201403,201502,1,72.01292,.00254277410,201512,2016-07-19
POST1,Group,DM,COST,INPATIENT,201403,201502,0,4279.15850,.62884356659,201512,2016-07-19
POST1,Group,DM,COST,INPATIENT,201403,201502,1,3742.07439,.62884356659,201512,2016-07-19
POST1,Group,DM,COST,LABORATORY,201403,201502,0,119.60511,.20739686238,201512,2016-07-19
POST1,Group,DM,COST,LABORATORY,201403,201502,1,93.12833,.20739686238,201512,2016-07-19
POST1,Group,DM,COST,TOTAL MEDICAL,201403,201502,0,9032.85931,.13944494355,201512,2016-07-19
POST1,Group,DM,COST,TOTAL MEDICAL,201403,201502,1,7778.33409,.13944494355,201512,2016-07-19
POST1,Group,DM,COST,OTHER PROFESSIONAL,201403,201502,0,1978.77386,.07969086297,201512,2016-07-19
POST1,Group,DM,COST,OTHER PROFESSIONAL,201403,201502,1,1612.23028,.07969086297,201512,2016-07-19
POST1,Group,DM,COST,OUTPATIENT,201403,201502,0,1843.28960,.97172830154,201512,2016-07-19
POST1,Group,DM,COST,OUTPATIENT,201403,201502,1,1854.74572,.97172830154,201512,2016-07-19
POST1,Group,DM,COST,PHARMACY,201403,201502,0,2480.65612,.01802095442,201512,2016-07-19
POST1,Group,DM,COST,PHARMACY,201403,201502,1,2936.71801,.01802095442,201512,2016-07-19
POST1,Group,DM,COST,PROFESSIONAL OFFICE VISIT,201403,201502,0,589.99975,.53012266556,201512,2016-07-19
POST1,Group,DM,COST,PROFESSIONAL OFFICE VISIT,201403,201502,1,576.59944,.53012266556,201512,2016-07-19
POST1,Group,DM,COST,RADIOLOGY,201403,201502,0,331.78097,.42110231324,201512,2016-07-19
POST1,Group,DM,COST,RADIOLOGY,201403,201502,1,296.14993,.42110231324,201512,2016-07-19
POST1,Group,DM,COST,TOTAL RX,201403,201502,0,2397.29948,.61102110377,201512,2016-07-19
POST1,Group,DM,COST,TOTAL RX,201403,201502,1,2440.97662,.61102110377,201512,2016-07-19
POST1,Group,DM,COST,TOTAL ALL,201403,201502,0,11537.37668,.28049718639,201512,2016-07-19
POST1,Group,DM,COST,TOTAL ALL,201403,201502,1,10578.18130,.28049718639,201512,2016-07-19
POST1,Group,DM,COUNT,ANCILLARY,201403,201502,0,84.67802,.60651308751,201512,2016-07-19
POST1,Group,DM,COUNT,ANCILLARY,201403,201502,1,74.81355,.60651308751,201512,2016-07-19
POST1,Group,DM,COUNT,ER,201403,201502,0,49.52087,.00449454235,201512,2016-07-19
POST1,Group,DM,COUNT,ER,201403,201502,1,32.85811,.00449454235,201512,2016-07-19
POST1,Group,DM,COUNT,HOME HEALTH,201403,201502,0,40.46759,.00709929291,201512,2016-07-19
POST1,Group,DM,COUNT,HOME HEALTH,201403,201502,1,144.67353,.00709929291,201512,2016-07-19
POST1,Group,DM,COUNT,INPATIENT,201403,201502,0,37.63247,.01991699797,201512,2016-07-19
POST1,Group,DM,COUNT,INPATIENT,201403,201502,1,24.91460,.01991699797,201512,2016-07-19
POST1,Group,DM,COUNT,LABORATORY,201403,201502,0,974.33139,.20635912502,201512,2016-07-19
POST1,Group,DM,COUNT,LABORATORY,201403,201502,1,782.71091,.20635912502,201512,2016-07-19
POST1,Group,DM,COUNT,OTHER PROFESSIONAL,201403,201502,0,2163.08365,.18601579810,201512,2016-07-19
POST1,Group,DM,COUNT,OTHER PROFESSIONAL,201403,201502,1,1923.25892,.18601579810,201512,2016-07-19
POST1,Group,DM,COUNT,OUTPATIENT,201403,201502,0,179.62517,.52885180558,201512,2016-07-19
POST1,Group,DM,COUNT,OUTPATIENT,201403,201502,1,163.86020,.52885180558,201512,2016-07-19
POST1,Group,DM,COUNT,PHARMACY,201403,201502,0,3975.67489,.66763345321,201512,2016-07-19
POST1,Group,DM,COUNT,PHARMACY,201403,201502,1,4010.28473,.66763345321,201512,2016-07-19
POST1,Group,DM,COUNT,PROFESSIONAL OFFICE VISIT,201403,201502,0,960.05001,.14091331205,201512,2016-07-19
POST1,Group,DM,COUNT,PROFESSIONAL OFFICE VISIT,201403,201502,1,1005.36618,.14091331205,201512,2016-07-19
POST1,Group,DM,COUNT,RADIOLOGY,201403,201502,0,532.49337,.06207350472,201512,2016-07-19
POST1,Group,DM,COUNT,RADIOLOGY,201403,201502,1,438.92106,.06207350472,201512,2016-07-19
POST1,Group,DM,COUNT,READMIT,201403,201502,0,2.48526,.61664147811,201512,2016-07-19
POST1,Group,DM,COUNT,READMIT,201403,201502,1,1.89622,.61664147811,201512,2016-07-19
POST1,Individual,CM,COST,ANCILLARY,201403,201502,0,2495.20183,.87400583022,201512,2016-07-19
POST1,Individual,CM,COST,ANCILLARY,201403,201502,1,2435.15556,.87400583022,201512,2016-07-19
POST1,Individual,CM,COST,ER,201403,201502,0,1052.18431,.03244050069,201512,2016-07-19
POST1,Individual,CM,COST,ER,201403,201502,1,847.51533,.03244050069,201512,2016-07-19
POST1,Individual,CM,COST,HOME HEALTH,201403,201502,0,189.41825,.10286991088,201512,2016-07-19
POST1,Individual,CM,COST,HOME HEALTH,201403,201502,1,145.70960,.10286991088,201512,2016-07-19
POST1,Individual,CM,COST,INPATIENT,201403,201502,0,15842.17709,.65020978445,201512,2016-07-19
POST1,Individual,CM,COST,INPATIENT,201403,201502,1,15043.22902,.65020978445,201512,2016-07-19
POST1,Individual,CM,COST,LABORATORY,201403,201502,0,328.89421,.22467536314,201512,2016-07-19
POST1,Individual,CM,COST,LABORATORY,201403,201502,1,292.20664,.22467536314,201512,2016-07-19
POST1,Individual,CM,COST,TOTAL MEDICAL,201403,201502,0,33198.64895,.01720681245,201512,2016-07-19
POST1,Individual,CM,COST,TOTAL MEDICAL,201403,201502,1,29287.31554,.01720681245,201512,2016-07-19
POST1,Individual,CM,COST,OTHER PROFESSIONAL,201403,201502,0,7063.59543,.22892855017,201512,2016-07-19
POST1,Individual,CM,COST,OTHER PROFESSIONAL,201403,201502,1,6480.81279,.22892855017,201512,2016-07-19
POST1,Individual,CM,COST,OUTPATIENT,201403,201502,0,5498.37446,.40728942914,201512,2016-07-19
POST1,Individual,CM,COST,OUTPATIENT,201403,201502,1,5063.40931,.40728942914,201512,2016-07-19
POST1,Individual,CM,COST,PHARMACY,201403,201502,0,4577.36550,.16612480420,201512,2016-07-19
POST1,Individual,CM,COST,PHARMACY,201403,201502,1,3952.11729,.16612480420,201512,2016-07-19
POST1,Individual,CM,COST,PROFESSIONAL OFFICE VISIT,201403,201502,0,802.51817,.49045052425,201512,2016-07-19
POST1,Individual,CM,COST,PROFESSIONAL OFFICE VISIT,201403,201502,1,819.52307,.49045052425,201512,2016-07-19
POST1,Individual,CM,COST,RADIOLOGY,201403,201502,0,1496.19014,.12792813058,201512,2016-07-19
POST1,Individual,CM,COST,RADIOLOGY,201403,201502,1,1257.92709,.12792813058,201512,2016-07-19
POST1,Individual,CM,COST,TOTAL RX,201403,201502,0,3642.24196,.68732763299,201512,2016-07-19
POST1,Individual,CM,COST,TOTAL RX,201403,201502,1,3553.52664,.68732763299,201512,2016-07-19
POST1,Individual,CM,COST,TOTAL ALL,201403,201502,0,37836.85193,.01115116113,201512,2016-07-19
POST1,Individual,CM,COST,TOTAL ALL,201403,201502,1,33404.86514,.01115116113,201512,2016-07-19
POST1,Individual,CM,COUNT,ANCILLARY,201403,201502,0,321.34369,.60240475536,201512,2016-07-19
POST1,Individual,CM,COUNT,ANCILLARY,201403,201502,1,307.47976,.60240475536,201512,2016-07-19
POST1,Individual,CM,COUNT,ER,201403,201502,0,79.74595,.06980220795,201512,2016-07-19
POST1,Individual,CM,COUNT,ER,201403,201502,1,68.39425,.06980220795,201512,2016-07-19
POST1,Individual,CM,COUNT,HOME HEALTH,201403,201502,0,388.05983,.14187007245,201512,2016-07-19
POST1,Individual,CM,COUNT,HOME HEALTH,201403,201502,1,307.73499,.14187007245,201512,2016-07-19
POST1,Individual,CM,COUNT,INPATIENT,201403,201502,0,126.88763,.00000000473,201512,2016-07-19
POST1,Individual,CM,COUNT,INPATIENT,201403,201502,1,87.41453,.00000000473,201512,2016-07-19
POST1,Individual,CM,COUNT,LABORATORY,201403,201502,0,1509.76974,.73436680110,201512,2016-07-19
POST1,Individual,CM,COUNT,LABORATORY,201403,201502,1,1467.80480,.73436680110,201512,2016-07-19
POST1,Individual,CM,COUNT,OTHER PROFESSIONAL,201403,201502,0,5262.10678,.00028336647,201512,2016-07-19
POST1,Individual,CM,COUNT,OTHER PROFESSIONAL,201403,201502,1,4392.66820,.00028336647,201512,2016-07-19
POST1,Individual,CM,COUNT,OUTPATIENT,201403,201502,0,450.14159,.33832180886,201512,2016-07-19
POST1,Individual,CM,COUNT,OUTPATIENT,201403,201502,1,484.04422,.33832180886,201512,2016-07-19
POST1,Individual,CM,COUNT,PHARMACY,201403,201502,0,3388.61915,.52054662175,201512,2016-07-19
POST1,Individual,CM,COUNT,PHARMACY,201403,201502,1,3337.22940,.52054662175,201512,2016-07-19
POST1,Individual,CM,COUNT,PROFESSIONAL OFFICE VISIT,201403,201502,0,1244.70402,.51921526334,201512,2016-07-19
POST1,Individual,CM,COUNT,PROFESSIONAL OFFICE VISIT,201403,201502,1,1265.73647,.51921526334,201512,2016-07-19
POST1,Individual,CM,COUNT,RADIOLOGY,201403,201502,0,1627.57543,.00068337951,201512,2016-07-19
POST1,Individual,CM,COUNT,RADIOLOGY,201403,201502,1,1324.21441,.00068337951,201512,2016-07-19
POST1,Individual,CM,COUNT,READMIT,201403,201502,0,18.67729,.00032951402,201512,2016-07-19
POST1,Individual,CM,COUNT,READMIT,201403,201502,1,9.41626,.00032951402,201512,2016-07-19
POST1,Group,CM,COST,ANCILLARY,201403,201502,0,2443.00854,.10745173270,201512,2016-07-19
POST1,Group,CM,COST,ANCILLARY,201403,201502,1,2793.13121,.10745173270,201512,2016-07-19
POST1,Group,CM,COST,ER,201403,201502,0,1175.35208,.03684593028,201512,2016-07-19
POST1,Group,CM,COST,ER,201403,201502,1,1026.86500,.03684593028,201512,2016-07-19
POST1,Group,CM,COST,HOME HEALTH,201403,201502,0,224.23561,.70975009368,201512,2016-07-19
POST1,Group,CM,COST,HOME HEALTH,201403,201502,1,215.72993,.70975009368,201512,2016-07-19
POST1,Group,CM,COST,INPATIENT,201403,201502,0,18068.64365,.02352778001,201512,2016-07-19
POST1,Group,CM,COST,INPATIENT,201403,201502,1,15486.96551,.02352778001,201512,2016-07-19
POST1,Group,CM,COST,LABORATORY,201403,201502,0,289.61536,.70214542079,201512,2016-07-19
POST1,Group,CM,COST,LABORATORY,201403,201502,1,295.26851,.70214542079,201512,2016-07-19
POST1,Group,CM,COST,TOTAL MEDICAL,201403,201502,0,33113.76028,.02237737721,201512,2016-07-19
POST1,Group,CM,COST,TOTAL MEDICAL,201403,201502,1,30976.51315,.02237737721,201512,2016-07-19
POST1,Group,CM,COST,OTHER PROFESSIONAL,201403,201502,0,6832.70498,.16552832562,201512,2016-07-19
POST1,Group,CM,COST,OTHER PROFESSIONAL,201403,201502,1,6449.91098,.16552832562,201512,2016-07-19
POST1,Group,CM,COST,OUTPATIENT,201403,201502,0,4668.39945,.54970264104,201512,2016-07-19
POST1,Group,CM,COST,OUTPATIENT,201403,201502,1,4834.82275,.54970264104,201512,2016-07-19
POST1,Group,CM,COST,PHARMACY,201403,201502,0,2517.67981,.10611301687,201512,2016-07-19
POST1,Group,CM,COST,PHARMACY,201403,201502,1,2160.61318,.10611301687,201512,2016-07-19
POST1,Group,CM,COST,PROFESSIONAL OFFICE VISIT,201403,201502,0,814.81000,.00000158455,201512,2016-07-19
POST1,Group,CM,COST,PROFESSIONAL OFFICE VISIT,201403,201502,1,878.69522,.00000158455,201512,2016-07-19
POST1,Group,CM,COST,RADIOLOGY,201403,201502,0,1021.73559,.80071403502,201512,2016-07-19
POST1,Group,CM,COST,RADIOLOGY,201403,201502,1,1039.10321,.80071403502,201512,2016-07-19
POST1,Group,CM,COST,TOTAL RX,201403,201502,0,1885.88691,.03169664774,201512,2016-07-19
POST1,Group,CM,COST,TOTAL RX,201403,201502,1,1741.02376,.03169664774,201512,2016-07-19
POST1,Group,CM,COST,TOTAL ALL,201403,201502,0,35550.46584,.01157563949,201512,2016-07-19
POST1,Group,CM,COST,TOTAL ALL,201403,201502,1,33123.72040,.01157563949,201512,2016-07-19
POST1,Group,CM,COUNT,ANCILLARY,201403,201502,0,412.91563,.00609307062,201512,2016-07-19
POST1,Group,CM,COUNT,ANCILLARY,201403,201502,1,461.86127,.00609307062,201512,2016-07-19
POST1,Group,CM,COUNT,ER,201403,201502,0,84.57616,.07176338618,201512,2016-07-19
POST1,Group,CM,COUNT,ER,201403,201502,1,78.01751,.07176338618,201512,2016-07-19
POST1,Group,CM,COUNT,HOME HEALTH,201403,201502,0,392.98128,.36497782085,201512,2016-07-19
POST1,Group,CM,COUNT,HOME HEALTH,201403,201502,1,359.36257,.36497782085,201512,2016-07-19
POST1,Group,CM,COUNT,INPATIENT,201403,201502,0,134.43154,.00000023701,201512,2016-07-19
POST1,Group,CM,COUNT,INPATIENT,201403,201502,1,112.75244,.00000023701,201512,2016-07-19
POST1,Group,CM,COUNT,LABORATORY,201403,201502,0,1868.60907,.04012113853,201512,2016-07-19
POST1,Group,CM,COUNT,LABORATORY,201403,201502,1,2008.88386,.04012113853,201512,2016-07-19
POST1,Group,CM,COUNT,OTHER PROFESSIONAL,201403,201502,0,5954.47766,.00002987053,201512,2016-07-19
POST1,Group,CM,COUNT,OTHER PROFESSIONAL,201403,201502,1,5300.97663,.00002987053,201512,2016-07-19
POST1,Group,CM,COUNT,OUTPATIENT,201403,201502,0,458.69904,.03156793351,201512,2016-07-19
POST1,Group,CM,COUNT,OUTPATIENT,201403,201502,1,496.38135,.03156793351,201512,2016-07-19
POST1,Group,CM,COUNT,PHARMACY,201403,201502,0,1974.64139,.08264153224,201512,2016-07-19
POST1,Group,CM,COUNT,PHARMACY,201403,201502,1,1922.52390,.08264153224,201512,2016-07-19
POST1,Group,CM,COUNT,PROFESSIONAL OFFICE VISIT,201403,201502,0,1223.77881,.00000001324,201512,2016-07-19
POST1,Group,CM,COUNT,PROFESSIONAL OFFICE VISIT,201403,201502,1,1324.73922,.00000001324,201512,2016-07-19
POST1,Group,CM,COUNT,RADIOLOGY,201403,201502,0,1441.50620,.00000067047,201512,2016-07-19
POST1,Group,CM,COUNT,RADIOLOGY,201403,201502,1,1229.22659,.00000067047,201512,2016-07-19
POST1,Group,CM,COUNT,READMIT,201403,201502,0,15.92197,.16683779708,201512,2016-07-19
POST1,Group,CM,COUNT,READMIT,201403,201502,1,13.89783,.16683779708,201512,2016-07-19
POST1,MedAdvantage,DM,COST,ANCILLARY,201403,201502,0,320.95764,.05014325238,201512,2016-07-19
POST1,MedAdvantage,DM,COST,ANCILLARY,201403,201502,1,223.26657,.05014325238,201512,2016-07-19
POST1,MedAdvantage,DM,COST,ER,201403,201502,0,225.78927,.32136360397,201512,2016-07-19
POST1,MedAdvantage,DM,COST,ER,201403,201502,1,192.13893,.32136360397,201512,2016-07-19
POST1,MedAdvantage,DM,COST,HOME HEALTH,201403,201502,0,29.72704,.54025843584,201512,2016-07-19
POST1,MedAdvantage,DM,COST,HOME HEALTH,201403,201502,1,22.85441,.54025843584,201512,2016-07-19
POST1,MedAdvantage,DM,COST,INPATIENT,201403,201502,0,4266.73513,.18927889686,201512,2016-07-19
POST1,MedAdvantage,DM,COST,INPATIENT,201403,201502,1,3549.76496,.18927889686,201512,2016-07-19
POST1,MedAdvantage,DM,COST,LABORATORY,201403,201502,0,81.18779,.32309840250,201512,2016-07-19
POST1,MedAdvantage,DM,COST,LABORATORY,201403,201502,1,92.07709,.32309840250,201512,2016-07-19
POST1,MedAdvantage,DM,COST,TOTAL MEDICAL,201403,201502,0,7953.02305,.07150427045,201512,2016-07-19
POST1,MedAdvantage,DM,COST,TOTAL MEDICAL,201403,201502,1,6997.25203,.07150427045,201512,2016-07-19
POST1,MedAdvantage,DM,COST,OTHER PROFESSIONAL,201403,201502,0,2013.11801,.02703581520,201512,2016-07-19
POST1,MedAdvantage,DM,COST,OTHER PROFESSIONAL,201403,201502,1,1662.25769,.02703581520,201512,2016-07-19
POST1,MedAdvantage,DM,COST,OUTPATIENT,201403,201502,0,681.18912,.38854103498,201512,2016-07-19
POST1,MedAdvantage,DM,COST,OUTPATIENT,201403,201502,1,769.19955,.38854103498,201512,2016-07-19
POST1,MedAdvantage,DM,COST,PHARMACY,201403,201502,0,1778.39945,.76109073231,201512,2016-07-19
POST1,MedAdvantage,DM,COST,PHARMACY,201403,201502,1,1732.11021,.76109073231,201512,2016-07-19
POST1,MedAdvantage,DM,COST,PROFESSIONAL OFFICE VISIT,201403,201502,0,546.93795,.95791230785,201512,2016-07-19
POST1,MedAdvantage,DM,COST,PROFESSIONAL OFFICE VISIT,201403,201502,1,547.79159,.95791230785,201512,2016-07-19
POST1,MedAdvantage,DM,COST,RADIOLOGY,201403,201502,0,312.82195,.78824003722,201512,2016-07-19
POST1,MedAdvantage,DM,COST,RADIOLOGY,201403,201502,1,301.53704,.78824003722,201512,2016-07-19
POST1,MedAdvantage,DM,COST,TOTAL RX,201403,201502,0,1521.31017,.96025081807,201512,2016-07-19
POST1,MedAdvantage,DM,COST,TOTAL RX,201403,201502,1,1524.15972,.96025081807,201512,2016-07-19
POST1,MedAdvantage,DM,COST,TOTAL ALL,201403,201502,0,9640.87264,.12754300553,201512,2016-07-19
POST1,MedAdvantage,DM,COST,TOTAL ALL,201403,201502,1,8790.27823,.12754300553,201512,2016-07-19
POST1,MedAdvantage,DM,COUNT,ANCILLARY,201403,201502,0,172.33899,.21771906928,201512,2016-07-19
POST1,MedAdvantage,DM,COUNT,ANCILLARY,201403,201502,1,143.70462,.21771906928,201512,2016-07-19
POST1,MedAdvantage,DM,COUNT,ER,201403,201502,0,47.33900,.02356681671,201512,2016-07-19
POST1,MedAdvantage,DM,COUNT,ER,201403,201502,1,34.57480,.02356681671,201512,2016-07-19
POST1,MedAdvantage,DM,COUNT,HOME HEALTH,201403,201502,0,67.01864,.59661892424,201512,2016-07-19
POST1,MedAdvantage,DM,COUNT,HOME HEALTH,201403,201502,1,53.72892,.59661892424,201512,2016-07-19
POST1,MedAdvantage,DM,COUNT,INPATIENT,201403,201502,0,85.18740,.01207921464,201512,2016-07-19
POST1,MedAdvantage,DM,COUNT,INPATIENT,201403,201502,1,63.84454,.01207921464,201512,2016-07-19
POST1,MedAdvantage,DM,COUNT,LABORATORY,201403,201502,0,625.03035,.19088715464,201512,2016-07-19
POST1,MedAdvantage,DM,COUNT,LABORATORY,201403,201502,1,569.40346,.19088715464,201512,2016-07-19
POST1,MedAdvantage,DM,COUNT,OTHER PROFESSIONAL,201403,201502,0,3226.10353,.00344675857,201512,2016-07-19
POST1,MedAdvantage,DM,COUNT,OTHER PROFESSIONAL,201403,201502,1,2572.60176,.00344675857,201512,2016-07-19
POST1,MedAdvantage,DM,COUNT,OUTPATIENT,201403,201502,0,165.78514,.77052324533,201512,2016-07-19
POST1,MedAdvantage,DM,COUNT,OUTPATIENT,201403,201502,1,169.95710,.77052324533,201512,2016-07-19
POST1,MedAdvantage,DM,COUNT,PHARMACY,201403,201502,0,3824.48935,.93950724578,201512,2016-07-19
POST1,MedAdvantage,DM,COUNT,PHARMACY,201403,201502,1,3818.61957,.93950724578,201512,2016-07-19
POST1,MedAdvantage,DM,COUNT,PROFESSIONAL OFFICE VISIT,201403,201502,0,1088.22802,.10271289062,201512,2016-07-19
POST1,MedAdvantage,DM,COUNT,PROFESSIONAL OFFICE VISIT,201403,201502,1,1034.25793,.10271289062,201512,2016-07-19
POST1,MedAdvantage,DM,COUNT,RADIOLOGY,201403,201502,0,763.38063,.00433321274,201512,2016-07-19
POST1,MedAdvantage,DM,COUNT,RADIOLOGY,201403,201502,1,607.01096,.00433321274,201512,2016-07-19
POST1,MedAdvantage,DM,COUNT,READMIT,201403,201502,0,3.82046,.55409453000,201512,2016-07-19
POST1,MedAdvantage,DM,COUNT,READMIT,201403,201502,1,2.89311,.55409453000,201512,2016-07-19
POST1,MedAdvantage,CM,COST,ANCILLARY,201403,201502,0,973.11422,.31515262762,201512,2016-07-19
POST1,MedAdvantage,CM,COST,ANCILLARY,201403,201502,1,897.20451,.31515262762,201512,2016-07-19
POST1,MedAdvantage,CM,COST,ER,201403,201502,0,369.76447,.60087659341,201512,2016-07-19
POST1,MedAdvantage,CM,COST,ER,201403,201502,1,353.36273,.60087659341,201512,2016-07-19
POST1,MedAdvantage,CM,COST,HOME HEALTH,201403,201502,0,77.48620,.01351328961,201512,2016-07-19
POST1,MedAdvantage,CM,COST,HOME HEALTH,201403,201502,1,44.62188,.01351328961,201512,2016-07-19
POST1,MedAdvantage,CM,COST,INPATIENT,201403,201502,0,10665.50513,.00000408858,201512,2016-07-19
POST1,MedAdvantage,CM,COST,INPATIENT,201403,201502,1,8201.47221,.00000408858,201512,2016-07-19
POST1,MedAdvantage,CM,COST,LABORATORY,201403,201502,0,145.78602,.94961766629,201512,2016-07-19
POST1,MedAdvantage,CM,COST,LABORATORY,201403,201502,1,146.52375,.94961766629,201512,2016-07-19
POST1,MedAdvantage,CM,COST,TOTAL MEDICAL,201403,201502,0,17849.16555,.00000188778,201512,2016-07-19
POST1,MedAdvantage,CM,COST,TOTAL MEDICAL,201403,201502,1,15240.05611,.00000188778,201512,2016-07-19
POST1,MedAdvantage,CM,COST,OTHER PROFESSIONAL,201403,201502,0,4116.29670,.00050355307,201512,2016-07-19
POST1,MedAdvantage,CM,COST,OTHER PROFESSIONAL,201403,201502,1,3538.21575,.00050355307,201512,2016-07-19
POST1,MedAdvantage,CM,COST,OUTPATIENT,201403,201502,0,1235.39063,.30092195198,201512,2016-07-19
POST1,MedAdvantage,CM,COST,OUTPATIENT,201403,201502,1,1364.17910,.30092195198,201512,2016-07-19
POST1,MedAdvantage,CM,COST,PHARMACY,201403,201502,0,1957.33859,.00039775097,201512,2016-07-19
POST1,MedAdvantage,CM,COST,PHARMACY,201403,201502,1,2548.81917,.00039775097,201512,2016-07-19
POST1,MedAdvantage,CM,COST,PROFESSIONAL OFFICE VISIT,201403,201502,0,650.57978,.00000000000,201512,2016-07-19
POST1,MedAdvantage,CM,COST,PROFESSIONAL OFFICE VISIT,201403,201502,1,748.68854,.00000000000,201512,2016-07-19
POST1,MedAdvantage,CM,COST,RADIOLOGY,201403,201502,0,605.68673,.34782474940,201512,2016-07-19
POST1,MedAdvantage,CM,COST,RADIOLOGY,201403,201502,1,559.31514,.34782474940,201512,2016-07-19
POST1,MedAdvantage,CM,COST,TOTAL RX,201403,201502,0,1758.02638,.00012722922,201512,2016-07-19
POST1,MedAdvantage,CM,COST,TOTAL RX,201403,201502,1,2073.45240,.00012722922,201512,2016-07-19
POST1,MedAdvantage,CM,COST,TOTAL ALL,201403,201502,0,19873.48074,.00023199578,201512,2016-07-19
POST1,MedAdvantage,CM,COST,TOTAL ALL,201403,201502,1,17734.36166,.00023199578,201512,2016-07-19
POST1,MedAdvantage,CM,COUNT,ANCILLARY,201403,201502,0,421.00240,.36134543879,201512,2016-07-19
POST1,MedAdvantage,CM,COUNT,ANCILLARY,201403,201502,1,440.75569,.36134543879,201512,2016-07-19
POST1,MedAdvantage,CM,COUNT,ER,201403,201502,0,71.12473,.47184140939,201512,2016-07-19
POST1,MedAdvantage,CM,COUNT,ER,201403,201502,1,74.35924,.47184140939,201512,2016-07-19
POST1,MedAdvantage,CM,COUNT,HOME HEALTH,201403,201502,0,188.62797,.03809416861,201512,2016-07-19
POST1,MedAdvantage,CM,COUNT,HOME HEALTH,201403,201502,1,123.53204,.03809416861,201512,2016-07-19
POST1,MedAdvantage,CM,COUNT,INPATIENT,201403,201502,0,221.95578,.00000000000,201512,2016-07-19
POST1,MedAdvantage,CM,COUNT,INPATIENT,201403,201502,1,155.25514,.00000000000,201512,2016-07-19
POST1,MedAdvantage,CM,COUNT,LABORATORY,201403,201502,0,872.85134,.03950937866,201512,2016-07-19
POST1,MedAdvantage,CM,COUNT,LABORATORY,201403,201502,1,949.17764,.03950937866,201512,2016-07-19
POST1,MedAdvantage,CM,COUNT,OTHER PROFESSIONAL,201403,201502,0,6861.58553,.00000000000,201512,2016-07-19
POST1,MedAdvantage,CM,COUNT,OTHER PROFESSIONAL,201403,201502,1,4990.77999,.00000000000,201512,2016-07-19
POST1,MedAdvantage,CM,COUNT,OUTPATIENT,201403,201502,0,246.18701,.00432785561,201512,2016-07-19
POST1,MedAdvantage,CM,COUNT,OUTPATIENT,201403,201502,1,286.01310,.00432785561,201512,2016-07-19
POST1,MedAdvantage,CM,COUNT,PHARMACY,201403,201502,0,3537.24592,.00000000003,201512,2016-07-19
POST1,MedAdvantage,CM,COUNT,PHARMACY,201403,201502,1,3898.06548,.00000000003,201512,2016-07-19
POST1,MedAdvantage,CM,COUNT,PROFESSIONAL OFFICE VISIT,201403,201502,0,1281.08732,.00000000367,201512,2016-07-19
POST1,MedAdvantage,CM,COUNT,PROFESSIONAL OFFICE VISIT,201403,201502,1,1433.95226,.00000000367,201512,2016-07-19
POST1,MedAdvantage,CM,COUNT,RADIOLOGY,201403,201502,0,1598.20211,.00000000003,201512,2016-07-19
POST1,MedAdvantage,CM,COUNT,RADIOLOGY,201403,201502,1,1227.23675,.00000000003,201512,2016-07-19
POST1,MedAdvantage,CM,COUNT,READMIT,201403,201502,0,11.34795,.00319768767,201512,2016-07-19
POST1,MedAdvantage,CM,COUNT,READMIT,201403,201502,1,5.87992,.00319768767,201512,2016-07-19
